source,okrug,district_name,address,name,capacity,confirmed,lat,lon,comment
moscow_watch,Москва,Лианозово,"Алтуфьевское шоссе, 87/89",,,0,,,"Подтверждено существование одного убежища (рядом с управой). Рекомендовано укрываться в подвалах (степень готовности неизвестна). ВАЖНО: на спутниковых снимках объект 87/89 не существует, есть только на схеме MoscowMap, но это за 89 домом. Есть основания полагать, что реально убежища находится во дворе дома 89."
moscow_watch,Москва,Лианозово,"Абрамцевская улица, 11к2",,,0,,,Для груз.транспорта
moscow_watch,Москва,Новокосино,"Суздальская улица, 16Б",,,0,,,Бункер с въездом в гараж. Фото по ссылке
moscow_watch,Москва,Новокосино,"Суздальская ул., 26Б",,,0,,,"Бункер автомойка ""Техцентр Автопилот"" (в случае ЧС может быть использован как ЗС ГО). Фото по ссылке"
moscow_watch,Москва,Новокосино,"Городецкая улица, 8к3с1",,,0,,,Бункер автомойка (случае ЧС может быть использован как ЗС ГО)
moscow_watch,Москва,Новокосино,"Городецкая улица, 9к3",,,0,,,ЗС ГО №012551-77.
moscow_watch,Москва,Новокосино,"Новокосинская ул., 36А",,,0,,,Детская городская поликлиника № 120 (бомбоубежище между поликлиникой и библиотекой)
moscow_watch,Москва,Бирюлёво Восточное,"Липецкая улица, 10к3",,,0,,,"Четыре подтверждённых убежища, + рекомендовано укрываться в подвалах (степень доступности и готовности неизвестны). Дополнительные укрытия - 18 домов с подземным паркингом (санузлы есть только в трёх): 6-я Радиальная улица, 3к8 - (-1 этаж, спроектирована автомойка, но пока не работает. Есть санузел); 6-я Радиальная улица, 5к2 - (автомойка работает, есть 2 санузла); 6-я Радиальная улица, 7/6к3 - (6 санузлов)."
moscow_watch,Москва,Бирюлёво Восточное,"Липецкая улица, 44Ас1",,,0,,,"Четыре подтверждённых убежища, + рекомендовано укрываться в подвалах (степень доступности и готовности неизвестны). Дополнительные укрытия - 18 домов с подземным паркингом (санузлы есть только в трёх): 6-я Радиальная улица, 3к8 - (-1 этаж, спроектирована автомойка, но пока не работает. Есть санузел); 6-я Радиальная улица, 5к2 - (автомойка работает, есть 2 санузла); 6-я Радиальная улица, 7/6к3 - (6 санузлов)."
moscow_watch,Москва,Бирюлёво Восточное,"Элеваторная улица, 8",,,0,,,"Четыре подтверждённых убежища, + рекомендовано укрываться в подвалах (степень доступности и готовности неизвестны). Дополнительные укрытия - 18 домов с подземным паркингом (санузлы есть только в трёх): 6-я Радиальная улица, 3к8 - (-1 этаж, спроектирована автомойка, но пока не работает. Есть санузел); 6-я Радиальная улица, 5к2 - (автомойка работает, есть 2 санузла); 6-я Радиальная улица, 7/6к3 - (6 санузлов)."
moscow_watch,Москва,Бирюлёво Восточное,"Михневская улица, 21к1с1",,,0,,,"Четыре подтверждённых убежища, + рекомендовано укрываться в подвалах (степень доступности и готовности неизвестны). Дополнительные укрытия - 18 домов с подземным паркингом (санузлы есть только в трёх): 6-я Радиальная улица, 3к8 - (-1 этаж, спроектирована автомойка, но пока не работает. Есть санузел); 6-я Радиальная улица, 5к2 - (автомойка работает, есть 2 санузла); 6-я Радиальная улица, 7/6к3 - (6 санузлов)."
moscow_watch,Москва,Северное Бутово,Коктебельская 4Г,,,0,,,"Дают адрес убежища, ближайшего к вашему адресу тел8(499)793-67-09  пн-чт 08:00-17:00, пт 08:00-15:45"
moscow_watch,Москва,Котловка,"Нагорная, 5к1",,,0,,,"Отель в подвале по адресу Нагорная, 5к1 объявили бомбоубежищем и повесили об этом табличку."
moscow_watch,Москва,Крылатское,"ул. Крылатские Холмы, 36к3",,,0,,,"укрытие, переделанное в ТРЦ, но выглядит функциональным"
moscow_watch,Москва,Раменки,"улице Пырьева, д. 4, к.1",,,0,,,"Сходила в пункт ГО и ЧС по району Раменки. Дело было так: сначала специалист проверил у меня прописку, правда ли я проживаю там, где я спрашиваю про бомбоубежища. Потом дал мне информацию не по всему району Раменки, а строго по ближайшим улицам. Итак бомбоубежища есть на улице Пырьева, д. 4, к.1, к.3; ул. Пырьева, д.5а; улица Мосфильмовская, д.6, д.2в. Спросила, насколько эти убежища в годном состоянии, он мне ответил, что ""как будет надо, подготовим"". Я спросила, как найти вход, он ответил: ""Вам сообщат при угрозе прилета ракет"". Когда я спросила, насколько человек рассчитаны убежища он ответил, что ""Москву наверное бомбить не будут"". На вопрос, выдержат ли убежища прямое попадание в дом современными ракетами ответить затруднился.                                                                Сегодня я иду возле Пырьева д.4 к.1 и вижу, что в сооружении, которое теоретически выступает в качестве запасного выхода (где основной вход — непонятно) из бомбоубежища по этому адресу ведутся то ли ремонтные работы, то ли проверка. То есть зашевелились... даже не знаю, хорошо это или плохо в свете последних событий."
moscow_watch,Москва,Раменки,"улица Мосфильмовская, д.6, д.2в",,,0,,,"Сходила в пункт ГО и ЧС по району Раменки. Дело было так: сначала специалист проверил у меня прописку, правда ли я проживаю там, где я спрашиваю про бомбоубежища. Потом дал мне информацию не по всему району Раменки, а строго по ближайшим улицам. Итак бомбоубежища есть на улице Пырьева, д. 4, к.1, к.3; ул. Пырьева, д.5а; улица Мосфильмовская, д.6, д.2в. Спросила, насколько эти убежища в годном состоянии, он мне ответил, что ""как будет надо, подготовим"". Я спросила, как найти вход, он ответил: ""Вам сообщат при угрозе прилета ракет"". Когда я спросила, насколько человек рассчитаны убежища он ответил, что ""Москву наверное бомбить не будут"". На вопрос, выдержат ли убежища прямое попадание в дом современными ракетами ответить затруднился.                                                                Сегодня я иду возле Пырьева д.4 к.1 и вижу, что в сооружении, которое теоретически выступает в качестве запасного выхода (где основной вход — непонятно) из бомбоубежища по этому адресу ведутся то ли ремонтные работы, то ли проверка. То есть зашевелились... даже не знаю, хорошо это или плохо в свете последних событий."
moscow_watch,Москва,Раменки,"ул. Пырьева, д.5а",,,0,,,"Сходила в пункт ГО и ЧС по району Раменки. Дело было так: сначала специалист проверил у меня прописку, правда ли я проживаю там, где я спрашиваю про бомбоубежища. Потом дал мне информацию не по всему району Раменки, а строго по ближайшим улицам. Итак бомбоубежища есть на улице Пырьева, д. 4, к.1, к.3; ул. Пырьева, д.5а; улица Мосфильмовская, д.6, д.2в. Спросила, насколько эти убежища в годном состоянии, он мне ответил, что ""как будет надо, подготовим"". Я спросила, как найти вход, он ответил: ""Вам сообщат при угрозе прилета ракет"". Когда я спросила, насколько человек рассчитаны убежища он ответил, что ""Москву наверное бомбить не будут"". На вопрос, выдержат ли убежища прямое попадание в дом современными ракетами ответить затруднился.                                                                Сегодня я иду возле Пырьева д.4 к.1 и вижу, что в сооружении, которое теоретически выступает в качестве запасного выхода (где основной вход — непонятно) из бомбоубежища по этому адресу ведутся то ли ремонтные работы, то ли проверка. То есть зашевелились... даже не знаю, хорошо это или плохо в свете последних событий."
moscow_watch,Москва,Митино,"Пятницкое шоссе, 29к5",,,0,,,"Основное укрытие - подвалы, + возможно метро. Три подтверждённых ГОЧС убежища. На Барышихе только для техники (?). Обеспечение населения СИЗ не предусмотрено."
moscow_watch,Москва,Митино,"Новотушинский проезд, 8кА",,,0,,,"Основное укрытие - подвалы, + возможно метро. Три подтверждённых ГОЧС убежища. На Барышихе только для техники (?). Обеспечение населения СИЗ не предусмотрено."
moscow_watch,Москва,Митино,"улица Барышиха, 42к3",,,0,,,"Основное укрытие - подвалы, + возможно метро. Три подтверждённых ГОЧС убежища. На Барышихе только для техники (?). Обеспечение населения СИЗ не предусмотрено."
moscow_watch,Москва,Северное Тушино,"улица Свободы, 75к2, подъезд 1",,,0,,,Подземная парковка.Адреса убежищ сообщать отказываются. Рекомендовано уточнять адресно по номеру 8(499)1929497 или 8(495)9487402.
minzdrav,,Уфа,"ул. Р.Зорге, д. 67/1","Федеральное государственное бюджетное учреждение ""Всероссийский центр глазной и пластической хирургии"" Министерства здравоохранения Российской Федерации",,0,,,"Учреждение науки | (347) 232-70-94, факс  248-99-3"
minzdrav,,Москва,"Новый Зыковский проезд, д.4","Федеральное государственное бюджетное учреждение ""Гематологический научный центр"" Министерства здравоохранения Российской Федерации",,0,,,"Учреждение науки | (495) 612-43-13, факс (495) 612-42-52"
minzdrav,,Москва,"Петроверигский пер., д. 10","Федеральное государственное бюджетное учреждение ""Государственный научно-исследовательский центр профилактической медицины"" Министерства здравоохранения Российской Федерации",,0,,,"Учреждение науки | (495) 623-86-36, факс (495) 621-01-22"
minzdrav,,Москва,"ул. Короленко, д.3, стр.6","Федеральное государственное бюджетное учреждение ""Государственный научный центр дерматовенерологии и косметологии"" Министерства здравоохранения Российской Федерации",,0,,,Учреждение науки | (499) 785-20-15 Факс  785-20-16
minzdrav,,Москва,"ул. Саляма Адиля, д. 2","Федеральное государственное бюджетное учреждение ""Государственный научный центр колопроктологии имени А.Н. Рыжих"" Министерства здравоохранения Российской Федерации",,0,,,Учреждение науки | (499) 199-87-94 Факс (499) 199-96-11
minzdrav,,Москва,"Кропоткинский пер, д. 23","Федеральное государственное бюджетное учреждение ""Федеральный медицинский исследовательский центр психиатрии и наркологии имени В.П. Сербского"" Министерства здравоохранения Российской Федерации",,0,,,Учреждение науки | (495) 637-52-62 Факс  637-22-75;  637-44-0
minzdrav,,Иваново,"ул. Победы, 20","Федеральное государственное бюджетное учреждение ""Ивановский научно-исследовательский институт материнства и детства имени В.Н. Городкова"" Министерства здравоохранения Российской Федерации",,0,,,Учреждение науки | (4932) 33-62-63  Факс   33-62-56
minzdrav,,Москва,"Б.Серпуховская, 27","Федеральное государственное бюджетное учреждение ""Институт хирургии имени А.В. Вишневского"" Министерства здравоохранения Российской Федерации",,0,,,Учреждение науки | (499) 236-72-90 Факс  236-61-30
minzdrav,,Москва,"Бескудниковский бульвар, дом 59а","Федеральное государственное автономное учреждение ""Межотраслевой научно-технический комплекс ""Микрохирургия глаза"" имени академика С.Н. Федорова"" Министерства здравоохранения Российской Федерации",,0,,,Учреждение науки | (499) 488-87-47 факс (495) 488-59-54
minzdrav,,Москва,"Садовая-Черногрязская, д. 14/19","Федеральное государственное бюджетное учреждение ""Московский научно-исследовательский институт глазных болезней имени Гельмгольца"" Министерства здравоохранения Российской Федерации",,0,,,"Учреждение науки | (495) 607-73-31, факс (495) 632-95-89"
minzdrav,Калужская область,Обнинск,"ул.Королева, 4","Федеральное государственное бюджетное учреждение ""Национальный медицинский исследовательский радиологический центр"" Министерства здравоохранения Российской Федерации",,0,,,Учреждение науки | (495) 945-16-35 т/ф Факс  945-80-20
minzdrav,,Санкт-Петербург,"г. Пушкин, ул. Парковая, д.64-68","Федеральное государственное бюджетное учреждение ""Научно-исследовательский детский ортопедический институт имени Г.И. Турнера"" Министерства здравоохранения Российской Федерации",,0,,,Учреждение науки | (812)  451-94-22 Факс 465-28-57
minzdrav,,Санкт-Петербург ул. Профессора Попова,дом 15/17,"Федеральное государственное бюджетное учреждение ""Научно-исследовательский институт гриппа"" Министерства здравоохранения Российской Федерации",,0,,,Учреждение науки | (812) 499-15-00 Факс 499-15-15
minzdrav,,Санкт-Петербург,"Песочный, ул. Ленинградская, 68","Федеральное государственное бюджетное учреждение ""Научно-исследовательский институт онкологии имени Н.Н. Петрова"" Министерства здравоохранения Российской Федерации",,0,,,Учреждение науки | (812) 439-95-66 Факс 596-89-47
minzdrav,,Астрахань,"проезд Н.Островского, д. 3","Федеральное государственное бюджетное учреждение ""Научно-исследовательский институт по изучению лепры"" Министерства здравоохранения Российской Федерации",,0,,,Учреждение науки | (8512) 33-13-22
minzdrav,,Москва,"ул. Погодинская, д. 10, стр. 1","Федеральное государственное бюджетное учреждение ""Научно-исследовательский институт экологии человека и гигиены окружающей среды им. А.Н. Сысина"" Министерства здравоохранения Российской Федерации",,0,,,"Учреждение науки | (499) 246-58-24, факс (499) 245-03-14"
minzdrav,,Москва ул. Гамалеи,дом 18,"Федеральное государственное бюджетное учреждение ""Федеральный научно-исследовательский центр эпидемиологии и микробиологии имени почетного академика Н.Ф. Гамалеи"" Министерства здравоохранения Российской Федерации",,0,,,"Учреждение науки | (499)193-30-01, факс 193-61-83"
minzdrav,,Москва,"ул. Академика Опарина, д. 4","Федеральное государственное бюджетное учреждение ""Научный центр акушерства, гинекологии и перинатологии имени академика В.И. Кулакова"" Министерства здравоохранения Российской Федерации",,0,,,Учреждение науки | (495) 438-18-00
minzdrav,,Москва,"Петровский бульвар, д. 8","Федеральное государственное бюджетное учреждение ""Научный центр экспертизы средств медицинского применения"" Министерства здравоохранения Российской Федерации",,0,,,"Учреждение науки | (495) 234-61-06, факс (495) 625-43-50"
minzdrav,,Н. Новгород,"Верхневолжская наб, д. 18/1","Федеральное государственное бюджетное учреждение ""Приволжский федеральный медицинский исследовательский центр"" Министерства здравоохранения Российской Федерации",,0,,,Учреждение науки | (831) 436-01-60 Факс: 436-05-91
minzdrav,,Новосибирск,"ул. Речкуновская, д.15","Федеральное государственное бюджетное учреждение ""Новосибирский научно-исследовательский институт патологии кровообращения имени академика Е.Н. Мешалкина"" Министерства здравоохранения Российской Федерации",,0,,,Учреждение науки | (383) 347-60-58 Факс 332-24-37
minzdrav,,Новосибирск,"ул. Фрунзе, 17","Федеральное государственное бюджетное учреждение ""Новосибирский научно-исследовательский институт травматологии и ортопедии им. Я.Л. Цивьяна"" Министерства здравоохранения Российской Федерации",,0,,,"Учреждение науки | (383) 224-54-74           224-55-70 т/ф, Сот.  213-16-35"
minzdrav,,Новосибирск,"ул. Охотская, д. 81А","Федеральное государственное бюджетное учреждение ""Новосибирский научно-исследовательский институт туберкулеза"" Министерства здравоохранения Российской Федерации",,0,,,Учреждение науки | (383) 203-78-25
minzdrav,,Москва,"3-я Черепковская, д. 15а","Федеральное государственное бюджетное учреждение ""Российский кардиологический научно-производственный комплекс"" Министерства здравоохранения Российской Федерации",,0,,,"Учреждение науки | (495) 415-00-25, (499) 149-08-21"
minzdrav,,Курган,"ул. Марии Ульяновой, д. 6","Федеральное государственное бюджетное учреждение ""Российский научный центр ""Восстановительная травматология и ортопедия"" имени академика Г.А. Илизарова"" Министерства здравоохранения Российской Федерации",,0,,,"Учреждение науки | (3522) 45-47-47, факс (3522) 45-40-60"
minzdrav,,Москва,"ул. Новый Арбат, д. 32, (юридический) 121069, Москва, Борисоглебский пер., 9, (фактический)","Федеральное государственное бюджетное учреждение ""Российский научный центр медицинской реабилитации и курортологии"" Министерства здравоохранения Российской Федерации",,0,,,Учреждение науки | (499) 277-01-04  (499) 277-01-11 (499) 277-01-04
minzdrav,,Санкт-Петербург,"пос. Песочный, ул. Ленинградская, д. 70","Федеральное государственное бюджетное учреждение ""Российский научный центр радиологии и хирургических технологий"" Министерства здравоохранения Российской Федерации",,0,,,Учреждение науки | (812) 596-84-62
minzdrav,,Москва,"ул. Профсоюзная, д. 86, ГСП-7","Федеральное государственное бюджетное учреждение ""Российский научный центр рентгенорадиологии"" Министерства здравоохранения Российской Федерации",,0,,,"Учреждение науки | (495) 333-91-71, (499) 120-65-10"
minzdrav,,Санкт-Петербург,"ул. Академика Байкова, 8, (фактический) 197046, г. Санкт-Петербург, Александровский парк, 5, (юридический)","Федеральное государственное бюджетное учреждение ""Российский ордена Трудового Красного Знамени научно-исследовательский институт травматологии и ортопедии имени Р.Р. Вредена"" Министерства здравоохранения Российской Федерации",,0,,,"Учреждение науки | (812) 670-86-87, факс (812) 670-86-88"
minzdrav,,Москва,"ул. Поликарпова, д. 12/13","Федеральное государственное бюджетное учреждение ""Российский центр судебно-медицинской экспертизы"" Министерства здравоохранения Российской Федерации",,0,,,Учреждение науки | (495) 945-00-97
minzdrav,,Ростов-на-Дону,"ул. Мечникова, д. 43","Федеральное государственное бюджетное учреждение ""Ростовский научно-исследовательский институт акушерства и педиатрии"" Министерства здравоохранения Российской Федерации",,0,,,"Учреждение науки | (863) 232-18-40, факс (863) 200-92-58"
minzdrav,,Ростов-на-Дону,"14-я линия, д. 63","Федеральное государственное бюджетное учреждение ""Ростовский научно-исследовательский онкологический институт"" Министерства здравоохранения Российской Федерации",,0,,,"Учреждение науки | (863) 300-30-00, факс (863) 300-30-05"
minzdrav,,Санкт-Петербург,"ул. Бронницкая, д. 9","Федеральное государственное бюджетное учреждение ""Санкт-Петербургский научно-исследовательский институт уха, горла, носа и речи"" Министерства здравоохранения Российской Федерации",,0,,,"Учреждение науки | (812) 316-22-56, (812) 316-79-11"
minzdrav,,Санкт-Петербург,"Лиговский просп., д. 2-4","Федеральное государственное бюджетное учреждение ""Санкт-Петербургский научно-исследовательский институт фтизиопульмонологии"" Министерства здравоохранения Российской Федерации",,0,,,"Учреждение науки | (812) 579-25-54, факс (812) 579-25-73"
minzdrav,,Санкт-Петербург,"ул. Бехтерева, д. 3","Федеральное государственное бюджетное учреждение ""Санкт-Петербургский научно-исследовательский психоневрологический институт им. В.М. Бехтерева"" Министерства здравоохранения Российской Федерации",,0,,,Учреждение науки | (812)   670-02-11 т/ф
minzdrav,,Саратов,"ул. Чернышевского, д.148","Федеральное государственное бюджетное учреждение ""Саратовский научно-исследовательский институт травматологии и ортопедии"" Министерства здравоохранения Российской Федерации",,0,,,Учреждение науки | (8452) 39-31-91
minzdrav,,Екатеринбург,"ул. Репина, д. 1","Федеральное государственное бюджетное учреждение ""Уральский научно-исследовательский институт охраны материнства и младенчества"" Министерства здравоохранения Российской Федерации",,0,,,"Учреждение науки | (343) 371-87-68, факс (343) 371-87-73"
minzdrav,,Екатеринбург,"ул. XXII Партсъезда, 50","Федеральное государственное бюджетное учреждение ""Уральский научно-исследовательский институт фтизиопульмонологии"" Министерства здравоохранения Российской Федерации",,0,,,Учреждение науки | (343) 333-44-62 Факс 333-44-63
minzdrav,,Москва,"ГСП-7 ул. Саморы Машела, д. 1","Федеральное государственное бюджетное учреждение ""Федеральный научно-клинический центр детской гематологии, онкологии и иммунологии имени Дмитрия Рогачева"" Министерства здравоохранения Российской Федерации",,0,,,Учреждение науки | (495)  937-50-24  факс  664-70-90
minzdrav,,Москва,"ул. Щукинская, д. 1","Федеральное государственное бюджетное учреждение ""Федеральный научный центр трансплантологии и искусственных органов имени академика В.И. Шумакова"" Министерства здравоохранения Российской Федерации",,0,,,"Учреждение науки | (499) 196-18-03, факс (499) 943-00-08"
minzdrav,,Санкт-Петербург,"ул. Аккуратова, 2","Федеральное государственное бюджетное учреждение ""Северо-Западный федеральный медицинский исследовательский центр имени В.А. Алмазова"" Министерства здравоохранения Российской Федерации",,0,,,"Учреждение науки | (812) 702-37-00, (812) 702-37-01"
minzdrav,,Москва,"ул. Добролюбова, д. 11","Федеральное государственное бюджетное учреждение ""Центральный научно-исследовательский институт организации и информатизации здравоохранения"" Министерства здравоохранения Российской Федерации",,0,,,"Учреждение науки | (495) 619-00-70, факс (495) 619-38-40"
minzdrav,,Москва,"ул. Тимура Фрунзе, д. 16","Федеральное государственное бюджетное учреждение ""Центральный научно-исследовательский институт стоматологии и челюстно-лицевой хирургии"" Министерства здравоохранения Российской Федерации",,0,,,"Учреждение науки | (499) 245-64-94, факс (499) 246-55-77"
minzdrav,,Москва,"ул. Приорова, д.10","Федеральное государственное бюджетное учреждение ""Центральный научно-исследовательский институт травматологии и ортопедии имени Н.Н. Приорова"" Министерства здравоохранения Российской Федерации",,0,,,"Учреждение науки | (499) 153-12-62, (495) 601-44-28"
minzdrav,,Москва,"ул. Дмитрия Ульянова, 11","Федеральное государственное бюджетное учреждение ""Эндокринологический научный центр"" Министерства здравоохранения Российской Федерации",,0,,,"Учреждение науки | (499)124-43-00, факс: 718-05-22"
minzdrav,,Москва,"Рублевское шоссе, 135",Федеральное государственное бюджетное учреждение «Научный центр сердечно-сосудистой хирургии имени А.Н. Бакулева» Министерства здравоохранения Российской Федерации,,0,,,Учреждение науки | (499) 236-13-61  236-92-83
minzdrav,,Воронеж,"ул. Студенческая, д.10",Федеральное государственное автономное учреждение «Научно-исследовательский институт нейрохирургии имени академика Н.Н. Бурденко» Министерства здравоохранения Российской Федерации,,0,,,Учреждение науки | (473) 259-38-05 факс 253-00-05
minzdrav,,Москва,"Ломоносовский проспект, 2, стр. 1",Федеральное государственное автономное учреждение «Научный центр здоровья детей» Министерства здравоохранения Российской Федерации,,0,,,Учреждение науки | (499) 134-30-83 (499)134-70-01 факс
minzdrav,,Москва,"Каширское шоссе, 24",Федеральное государственное бюджетное учреждение «Российский онкологический научный центр имени Н.Н. Блохина» Министерства здравоохранения Российской Федерации,,0,,,Учреждение науки | (499) 324-11-24
minzdrav,,Барнаул,"пр. Ленина, д. 40","Государственное бюджетное образовательное учреждение высшего профессионального образования ""Алтайский государственный медицинский университет"" Министерства здравоохранения Российской Федерации",,0,,,"Учреждение образования | (3852) 36-61-13, (3852) 36-88-48"
minzdrav,,Благовещенск,"ул. Горького, д. 95","Государственное бюджетное образовательное учреждение высшего профессионального образования ""Амурская государственная медицинская академия"" Министерства здравоохранения Российской Федерации",,0,,,Учреждение образования | (4162) 31-90-09
minzdrav,,Астрахань,"ул. Бакинская, д. 121","Государственное бюджетное образовательное учреждение высшего профессионального образования ""Астраханский государственный медицинский университет"" Министерства здравоохранения Российской Федерации",,0,,,"Учреждение образования | (8512) 44-74-96, (8512) 39-41-30"
minzdrav,,Уфа,"Ленина, 3","Государственное бюджетное образовательное учреждение высшего профессионального образования ""Башкирский государственный медицинский университет"" Министерства здравоохранения Российской Федерации",,0,,,"Учреждение образования | (3472) 72-41-73, (3472) 72-37-51"
minzdrav,,Владивосток,"проспект Острякова, д. 2","Государственное бюджетное образовательное учреждение высшего профессионального образования ""Тихоокеанский государственный медицинский университет"" Министерства здравоохранения Российской Федерации",,0,,,"Учреждение образования | (4232) 42-97-78, (4232) 45-17-19"
minzdrav,,Волгоград,"пл. Павших Борцов, д.1","Государственное бюджетное образовательное учреждение высшего профессионального образования ""Волгоградский государственный медицинский университет"" Министерства здравоохранения Российской Федерации",,0,,,"Учреждение образования | (8442) 38-50-05, (8442) 55-17-70"
minzdrav,,Воронеж,"ул. Студенческая, д.10","Государственное бюджетное образовательное учреждение высшего профессионального образования ""Воронежский государственный медицинский университет имени Н.Н. Бурденко"" Министерства здравоохранения Российской Федерации",,0,,,Учреждение образования | (473) 259-38-05 факс 253-00-05
minzdrav,,Республика Дагестан,"г. Махачкала, пл. В.И. Ленина, д. 1","Государственное бюджетное образовательное учреждение высшего профессионального образования ""Дагестанская государственная медицинская академия"" Министерства здравоохранения Российской Федерации",,0,,,"Учреждение образования | (8722) 67-07-94, (8722) 68-12-80"
minzdrav,,Хабаровск,"ул. Муравьева-Амурского, 35","Государственное бюджетное образовательное учреждение высшего профессионального образования ""Дальневосточный государственный медицинский университет"" Министерства здравоохранения Российской Федерации",,0,,,"Учреждение образования | (4212) 22-72-26, (4212) 30-53-11"
minzdrav,,Иваново,"Шереметьевский проспект, д. 8","Государственное бюджетное образовательное учреждение высшего профессионального образования ""Ивановская государственная медицинская академия"" Министерства здравоохранения Российской Федерации",,0,,,"Учреждение образования | (4932) 30-17-66, (4932) 32-66-04"
minzdrav,,Ижевск,"ул. Коммунаров, д. 281","Государственное бюджетное образовательное учреждение высшего профессионального образования ""Ижевская государственная медицинская академия"" Министерства здравоохранения Российской Федерации, г. Ижевск",,0,,,"Учреждение образования | (3412) 52-62-01, (3412) 65-81-67"
minzdrav,,Иркутск,"ул. Красного Восстания, д. 1","Государственное бюджетное образовательное учреждение высшего профессионального образования ""Иркутский государственный медицинский университет"" Министерства здравоохранения Российской Федерации",,0,,,"Учреждение образования | (3952) 24-38-25, (3952) 24-08-26 24-38-25"
minzdrav,,Республика Татарстан,"г. Казань, ул. Бутлерова, д. 49","Государственное бюджетное образовательное учреждение высшего профессионального образования ""Казанский государственный медицинский университет"" Министерства здравоохранения Российской Федерации",,0,,,"Учреждение образования | (843) 236-06-52, (843) 236-03-93"
minzdrav,,Кемерово,"ул. Ворошилова, д. 22А","Государственное бюджетное образовательное учреждение высшего профессионального образования ""Кемеровская государственная медицинская академия"" Министерства здравоохранения Российской Федерации",,0,,,Учреждение образования | (3842) 73-48-56
minzdrav,,Киров,"ул. Карла Маркса, д. 112","Государственное бюджетное образовательное учреждение высшего профессионального образования ""Кировская государственная медицинская академия"" Министерства здравоохранения Российской Федерации",,0,,,Учреждение образования | (8332) 64-09-76
minzdrav,,Красноярск,"ул. Партизана Железняка, д. 1","Государственное бюджетное образовательное учреждение высшего профессионального образования ""Красноярский государственный медицинский университет имени профессора В.Ф. Войно-Ясенецкого"" Министерства здравоохранения Российской Федерации",,0,,,Учреждение образования | (391) 220-13-95 факс  228-08-60
minzdrav,,Краснодар,"ул. Седина, д. 4","Государственное бюджетное образовательное учреждение высшего профессионального образования ""Кубанский государственный медицинский университет"" Министерства здравоохранения Российской Федерации",,0,,,"Учреждение образования | (861) 268-36-84, (861) 268-32-84"
minzdrav,,Курск,"ул. Карла Маркса, д. 3","Государственное бюджетное образовательное учреждение высшего профессионального образования ""Курский государственный медицинский университет"" Министерства здравоохранения Российской Федерации",,0,,,"Учреждение образования | (4712) 58-81-32, (4712) 56-73-99"
minzdrav,,Москва,"ул. Делегатская, д. 20/1","Государственное бюджетное образовательное учреждение высшего профессионального образования ""Московский государственный медико-стоматологический университет имени А.И. Евдокимова"" Министерства здравоохранения Российской Федерации",,0,,,"Учреждение образования | (495) 684-49-86, (499) 973-32-59"
minzdrav,,Н.Новгород,"пл. Минина и Пожарского, д.10/1","Государственное бюджетное образовательное учреждение высшего профессионального образования ""Нижегородская государственная медицинская академия"" Министерства здравоохранения Российской Федерации",,0,,,Учреждение образования | (831) 439-09-43
minzdrav,,Новосибирск,"Красный проспект, 52","Государственное бюджетное образовательное учреждение высшего профессионального образования ""Новосибирский государственный медицинский университет"" Министерства здравоохранения Российской Федерации",,0,,,Учреждение образования | (3832) 222-32-04
minzdrav,,Омск,"ул. Ленина, 12","Государственное бюджетное образовательное учреждение высшего профессионального образования ""Омский государственный медицинский университет"" Министерства здравоохранения Российской Федерации",,0,,,"Учреждение образования | (3812) 23-32-89, (3812) 23-46-32"
minzdrav,,Оренбург,"ул.Советская, 6","Государственное бюджетное образовательное учреждение высшего профессионального образования ""Оренбургский государственный медицинский университет"" Министерства здравоохранения Российской Федерации",,0,,,"Учреждение образования | (3532) 77-61-03, (3532) 77-24-59"
minzdrav,,Москва,"ул. Трубецкая, д. 8, стр. 2",Государственное бюджетное образовательное учреждение высшего профессионального образования Первый Московский государственный медицинский университет имени И.М. Сеченова Министерства здравоохранения Российской Федерации,,0,,,Учреждение образования | (499) 248-05-53
minzdrav,,Пермь,"ул.Куйбышева, 39 Почтовый адрес: 614990, г. Пермь, ул. Петропавловская, д. 26","Государственное бюджетное образовательное учреждение высшего профессионального образования ""Пермский государственный медицинский университет имени академика Е.А. Вагнера"" Министерства здравоохранения Российской Федерации",,0,,,"Учреждение образования | (342) 217-10-31, факс (342) 217-10-30"
minzdrav,,Фактический адрес: 614990,"Пермь, ул. Екатерининская, д. 101 Почтовый адрес: 614990, г. Пермь, ул. Полевая, 2","Государственное бюджетное образовательное учреждение высшего профессионального образования ""Пермская государственная фармацевтическая академия"" Министерства здравоохранения Российской Федерации",,0,,,Учреждение образования | (342) 233-55-01
minzdrav,,Москва,"ул. Островитянова, д. 1","Государственное бюджетное образовательное учреждение высшего профессионального образования ""Российский национальный исследовательский медицинский университет имени Н.И. Пирогова"" Министерства здравоохранения Российской Федерации",,0,,,"Учреждение образования | (495) 434-14-22, (495) 434-03-29"
minzdrav,,Ростов-на-Дону,"Нахичеванский пер., 29","Государственное бюджетное образовательное учреждение высшего профессионального образования ""Ростовский государственный медицинский университет"" Министерства здравоохранения Российской Федерации",,0,,,"Учреждение образования | (863) 250-42-00, (863) 201-43-90"
minzdrav,,Рязань,"ул. Высоковольтная, 9","Государственное бюджетное образовательное учреждение высшего профессионального образования ""Рязанский государственный медицинский университет имени академика И.П. Павлова"" Министерства здравоохранения Российской Федерации",,0,,,Учреждение образования | (4912) 46-08-01
minzdrav,,Самара,"ул. Чапаевская, 89","Государственное бюджетное образовательное учреждение высшего профессионального образования ""Самарский государственный медицинский университет"" Министерства здравоохранения Российской Федерации, г. Самара",,0,,,"Учреждение образования | (846) 332-16-34, (846) 333-29-76"
minzdrav,,Санкт-Петербург,"ул. Льва Толстого, 6/8","Государственное бюджетное образовательное учреждение высшего профессионального образования ""Первый Санкт-Петербургский государственный медицинский университет имени академика И.П. Павлова"" Министерства здравоохранения Российской Федерации",,0,,,"Учреждение образования | (812) 234-16-46, (812) 234-43-79"
minzdrav,,Санкт-Петербург,"ул. Литовская, 2","Государственное бюджетное образовательное учреждение высшего профессионального образования ""Санкт-Петербургский государственный педиатрический медицинский университет"" Министерства здравоохранения Российской Федерации",,0,,,"Учреждение образования | (812) 295-06-46, (812) 295-40-85"
minzdrav,,Санкт-Петербург,"ул. Профессора Попова, 14, литера А","Государственное бюджетное образовательное учреждение высшего профессионального образования ""Санкт-Петербургская государственная химико-фармацевтическая академия"" Министерства здравоохранения Российской Федерации",,0,,,Учреждение образования | (812) 234-57-29
minzdrav,,Саратов,"ул.Большая Казачья, 112","Государственное бюджетное образовательное учреждение высшего профессионального образования ""Саратовский государственный медицинский университет имени В.И. Разумовского"" Министерства здравоохранения Российской Федерации",,0,,,"Учреждение образования | (8452) 27-33-70, (8452) 51-15-34"
minzdrav,,Санкт-Петербург,"ул. Кирочная ул., 41","Федеральное государственное бюджетное образовательное учреждение высшего образования ""Северо-Западный государственный медицинский университет имени И.И. Мечникова"" Министерства здравоохранения Российской Федерации",,0,,,"Учреждение образования | (812) 303-50-01, , факс 303-50-35"
minzdrav,,Архангельск,"Троицкий просп., д. 51","Государственное бюджетное образовательное учреждение высшего профессионального образования ""Северный государственный медицинский университет"" Министерства здравоохранения Российской Федерации",,0,,,"Учреждение образования | (8182) 28-57-91, (8182) 28-65-95"
minzdrav,,Республика Северная Осетия-Алания,"г. Владикавказ, ул. Пушкинская, д. 40","Государственное бюджетное образовательное учреждение высшего профессионального образования ""Северо-Осетинская государственная медицинская академия"" Министерства здравоохранения Российской Федерации",,0,,,Учреждение образования | (8672) 53-03-97
minzdrav,,Томск,"Московский тракт, 2","Государственное бюджетное образовательное учреждение высшего профессионального образования ""Сибирский государственный медицинский университет"" Министерства здравоохранения Российской Федерации",,0,,,"Учреждение образования | (3822) 53-04-23, факс (3822) 53-33-09"
minzdrav,,Смоленск,"ул. Крупской, 28","Государственное бюджетное образовательное учреждение высшего профессионального образования ""Смоленский государственный медицинский университет"" Министерства здравоохранения Российской Федерации",,0,,,"Учреждение образования | (4812) 55-02-75, (4812) 52-01-51"
minzdrav,,Ставрополь,"ул. Мира, 310","Государственное бюджетное образовательное учреждение высшего профессионального образования ""Ставропольский государственный медицинский университет"" Министерства здравоохранения Российской Федерации",,0,,,"Учреждение образования | (8652) 35-23-31, (8652) 35-49-92"
minzdrav,,Тверь,"Советская, 4","Государственное бюджетное образовательное учреждение высшего профессионального образования ""Тверская государственная медицинская академия"" Министерства здравоохранения Российской Федерации",,0,,,"Учреждение образования | (4822) 32-17-79, (4822) 34-43-09"
minzdrav,,Тюмень,"ул. Одесская, 54","Государственное бюджетное образовательное учреждение высшего профессионального образования ""Тюменский государственный медицинский университет"" Министерства здравоохранения Российской Федерации",,0,,,"Учреждение образования | (3452) 20-21-97, факс (3452) 20-62-00"
minzdrav,,Екатеринбург,"ул. Репина, д.3","Государственное бюджетное образовательное учреждение высшего профессионального образования ""Уральский государственный медицинский университет"" Министерства здравоохранения Российской Федерации",,0,,,"Учреждение образования | (343) 214-86-52, (343) 371-64-00"
minzdrav,,Челябинск,"Воровского, 64","Государственное бюджетное образовательное учреждение высшего профессионального образования ""Южно-Уральский государственный медицинский университет"" Министерства здравоохранения Российской Федерации",,0,,,Учреждение образования | (351) 232-73-71
minzdrav,,Чита,"ул. Горького, 39а","Государственное бюджетное образовательное учреждение высшего профессионального образования ""Читинская государственная медицинская академия"" Министерства здравоохранения Российской Федерации",,0,,,"Учреждение образования | (3022) 35-43-24, (3022) 32-30-58"
minzdrav,,Ярославль,"ул. Революционная, 5","Государственное бюджетное образовательное учреждение высшего профессионального образования ""Ярославский государственный медицинский университет"" Министерства здравоохранения Российской Федерации",,0,,,"Учреждение образования | (4852) 30-56-41, факс (4852) 72-91-42"
minzdrav,,Москва,"ул. Лосиноостровская, 2","Государственное бюджетное образовательное учреждение дополнительного профессионального образования ""Всероссийский учебно-научно-методический центр по непрерывному медицинскому и фармацевтическому образованию"" Министерства здравоохранения Российской Федерации",,0,,,Учреждение образования | (499) 785-26-10
minzdrav,,Иркутск,"мкр. Юбилейный, д. 100","Государственное бюджетное образовательное учреждение дополнительного профессионального образования ""Иркутская государственная медицинская академия последипломного образования"" Министерства здравоохранения Российской Федерации",,0,,,Учреждение образования | (3952) 46-53-26
minzdrav,,Казань,"Муштари, 11","Государственное бюджетное образовательное учреждение дополнительного профессионального образования ""Казанская государственная медицинская академия"" Министерства здравоохранения Российской Федерации",,0,,,"Учреждение образования | (843) 267-61-51, (843) 238-54-13"
minzdrav,,Новокузнецк,"проспект Строителей, д. 5","Государственное бюджетное образовательное учреждение дополнительного профессионального образования ""Новокузнецкий государственный институт усовершенствования врачей"" Министерства здравоохранения Российской Федерации",,0,,,"Учреждение образования | (3843) 45-48-73, (3843) 45-42-19"
minzdrav,,Пенза,"Стасова, 8а","Государственное бюджетное образовательное учреждение дополнительного профессионального образования ""Пензенский институт усовершенствования врачей"" Министерства здравоохранения Российской Федерации",,0,,,"Учреждение образования | (8412) 43-58-97, факс (8412) 43-58-97"
minzdrav,,Москва,"ул. Баррикадная, д. 2, стр. 1","Государственное бюджетное образовательное учреждение дополнительного профессионального образования ""Российская медицинская академия последипломного образования"" Министерства здравоохранения Российской Федерации",,0,,,"Учреждение образования | (499) 252-09-01, факс (499) 252-98-05"
minzdrav,,Кисловодск,"ул. Умара Алиева, 37","Государственное бюджетное образовательное учреждение среднего профессионального образования ""Кисловодский медицинский колледж"" Министерства здравоохранения Российской Федерации",,0,,,Учреждение образования | (87937) 3-26-19
minzdrav,,Пенза,"ул. К.Маркса/Красная, д. 8/60","Государственное бюджетное образовательное учреждение среднего профессионального образования ""Пензенский базовый медицинский колледж"" Министерства здравоохранения Российской Федерации",,0,,,Учреждение образования | (8412) 68-85-21
minzdrav,,Ульяновск,"ул. Л.Толстого, 37/110","Государственное бюджетное образовательное учреждение среднего профессионального образования ""Ульяновский фармацевтический колледж"" Министерства здравоохранения Российской Федерации",,0,,,Учреждение образования | (8422) 42-05-57
minzdrav,,Москва,"ул. Щукинская, 5","Федеральное государственное бюджетное учреждение ""Всероссийский центр медицины катастроф ""Защита"" Министерства здравоохранения Российской Федерации",,0,,,"Учреждение здравоохранения | (495) 942-45-24, (499) 190-52-87, (499) 190-54-61"
minzdrav,,Москва,"Иваньковское шоссе, 3","Федеральное государственное автономное учреждение ""Лечебно-реабилитационный центр"" Министерства здравоохранения Российской Федерации",,0,,,"Учреждение здравоохранения | (499) 193-40-80, (495) 490-14-82"
minzdrav,,Москва,"ул. Нижняя Первомайская, д. 70","Федеральное государственное бюджетное учреждение ""Национальный медико-хирургический Центр имени Н.И. Пирогова"" Министерства здравоохранения Российской Федерации",,0,,,"Учреждение здравоохранения | (495) 464-10-54, (495) 463-65-30"
minzdrav,,Москва,"Ленинский проспект, 117","Федеральное государственное бюджетное учреждение ""Российская детская клиническая больница"" Министерства здравоохранения Российской Федерации",,0,,,Учреждение здравоохранения | (495) 434-11-77
minzdrav,,Юридический адрес: 142712,"Московская область, Ленинский муниципальный район, пос. санатория «Горки Ленинские» Почтовый адрес: 142031 Московская обл., Домодедовский р-н, п/о Лукино","Федеральное государственное бюджетное учреждение ""Российский реабилитационный центр ""Детство"" Министерства здравоохранения Российской Федерации",,0,,,Учреждение здравоохранения | (495) 727-18-07 т/
minzdrav,,Республика Северная Осетия-Алания,"г.Беслан, ул. Фриева, д.139-а","Федеральное государственное бюджетное учреждение ""Северо-Кавказский многопрофильный медицинский центр"" Министерства здравоохранения Российской Федерации (г. Беслан)",,0,,,Учреждение здравоохранения | (86737) 3-65-52
minzdrav,,Тюмень,"4 км. Червишевского тракта, д.5 Для почтовых отправление: 625032, г. Тюмень, а/я 2138","Федеральное государственное бюджетное учреждение ""Федеральный центр нейрохирургии"" Министерства здравоохранения Российской Федерации (г. Тюмень)",,0,,,Учреждение здравоохранения | (3452) 69-37-07
minzdrav,,Астрахань,"ул.Покровская роща, д. 4","Федеральное государственное бюджетное учреждение ""Федеральный центр сердечно-сосудистой хирургии"" Министерства здравоохранения Российской Федерации (г. Астрахань)",,0,,,Учреждение здравоохранения | (8512) 47-85-18
minzdrav,,Красноярск,"ул. Караульная, д.45","Федеральное государственное бюджетное учреждение ""Федеральный центр сердечно-сосудистой хирургии"" Министерства здравоохранения Российской Федерации (г. Красноярск)",,0,,,"Учреждение здравоохранения | (391) 226-81-68, факс (391) 226-81-00"
minzdrav,,Пенза,"ул. Стасова, д.6","Федеральное государственное бюджетное учреждение ""Федеральный центр сердечно-сосудистой хирургии"" Министерства здравоохранения Российской Федерации (г. Пенза)",,0,,,"Учреждение здравоохранения | (8412) 41-23-11, (8412) 41-23-77"
minzdrav,,Хабаровск,"ул. Краснодарская, д.2В","Федеральное государственное бюджетное учреждение ""Федеральный центр сердечно-сосудистой хирургии"" Министерства здравоохранения Российской Федерации (г. Хабаровск)",,0,,,"Учреждение здравоохранения | (4212) 78-06-06, факс (4212) 75-88-00"
minzdrav,,Челябинск,"проспект Героя России Родионова Е.Н., д.2","Федеральное государственное бюджетное учреждение ""Федеральный центр сердечно-сосудистой хирургии"" Министерства здравоохранения Российской Федерации (г. Челябинск)",,0,,,Учреждение здравоохранения | (351) 255-93-30
minzdrav,,Пермь,"ул. Маршала Жукова, д. 35","Федеральное государственное бюджетное учреждение ""Федеральный центр сердечно-сосудистой хирургии имени С.Г. Суханова"" Министерства здравоохранения Российской Федерации (г. Пермь)",,0,,,Учреждение здравоохранения | (342) 239-87-87
minzdrav,Ставрапольский край,Кисловодск,"ул. Коминтерна, 10-11","Федеральное государственное бюджетное учреждение Центр медицинской реабилитации ""Луч"" Министерства здравоохранения Российской Федерации",,0,,,"Учреждение здравоохранения | (87937) 2-02-72, (87937) 6-11-55"
minzdrav,,Смоленск,"Пр-т Строителей, д. 29","Федеральное государственное бюджетное учреждение ""Федеральный центр травматологии, ортопедии и эндопротезирования"" Министерства здравоохранения Российской Федерации (г. Смоленск)",,0,,,"Учреждение здравоохранения | (4812) 70-10-01, (4812) 70-10-02"
minzdrav,,Барнаул,"ул. Ляпидевского, д. 1/3","Федеральное государственное бюджетное учреждение ""Федеральный центр травматологии, ортопедии и эндопротезирования"" Министерства здравоохранения Российской Федерации (г. Барнаул)",,0,,,"Учреждение здравоохранения | (3852) 29-75-22, факс (3852) 29-75-21"
minzdrav,,Новосибирск,"Ул. Немировича-Данченко, д. 132/1","Федеральное государственное бюджетное учреждение ""Федеральный центр нейрохирургии"" Министерства здравоохранения Российской Федерации (г. Новосибирск)",,0,,,Учреждение здравоохранения | (383) 349-83-00
minzdrav,Калининградская область,Гурьевский район,"пос. Родники, шоссе Калининградское, д. 4","Федеральное государственное бюджетное учреждение ""Федеральный центр высоких медицинких технологий"" Министерства здравоохранения Российской Федерации (г. Калининград)",,0,,,Учреждение здравоохранения | (4012) 592-000
minzdrav,Калининградская область,Калининград,"ул. Больничная, д. 34-36-38-38а","Федеральное государственное бюджетное учреждение ""Калининградский многопрофильный центр"" Министерства здравоохранения Российской Федерации",,0,,,Учреждение здравоохранения | (4012) 53-06-71
minzdrav,Краснодарский край,Туапсе,"ул. Калараша, дом 14","Федеральное государственное бюджетное учреждение ""Туапсинский многопрофильный центр"" Министерства здравоохранения Российской Федерации",,0,,,Учреждение здравоохранения | (861)67-6-01-27
minzdrav,,Санкт-Петербург,"В.О., Кадетская линия, дом 13-15, литер А.","Федеральное государственное бюджетное учреждение ""Санкт-Петербургский многопрофильный центр"" Министерства здравоохранения Российской Федерации",,0,,,Учреждение здравоохранения | (812) 676-25-07
minzdrav,,Москва,"ул. Доватора, д. 15","Федеральное государственное бюджетное учреждение ""Клиническая больница"" Министерства здравоохранения Российской Федерации",,0,,,Учреждение здравоохранения | (499)246-96-20
minzdrav,Калининградская обл.,Пионерский,"ул. Комсомольская, 44а","Федеральное государственное бюджетное учреждение детский ортопедический санаторий ""Пионерск"" Министерства здравоохранения Российской Федерации",,0,,,Учреждение здравоохранения | (40155) 2-19-48
minzdrav,Краснодарский край,Сочи,"пос. Совет-Квадже, ул. Сибирская, 29","Федеральное государственное бюджетное учреждение детский противотуберкулезный санаторий ""Пионер"" Министерства здравоохранения Российской Федерации",,0,,,Учреждение здравоохранения | (862) 274-75-36
minzdrav,Курганская обл.,Щучанский р-он,"Курорт Озеро, ул. Санаторная, д. 1","Федеральное государственное бюджетное учреждение детский психоневрологический санаторий ""Озеро Горькое"" Министерства здравоохранения Российской Федерации",,0,,,Учреждение здравоохранения | (35244) 2-54-00 т/ф
minzdrav,,Калуга,"ул. Калуга-Бор, д. 3","Федеральное государственное бюджетное учреждение детский психоневрологический санаторий ""Калуга-Бор"" Министерства здравоохранения Российской Федерации",,0,,,Учреждение здравоохранения | (4842) 57-40-41
minzdrav,Калиниградская обл.,Зеленоградск,"ул. Октябрьская, 13","Федеральное государственное бюджетное учреждение детский психоневрологический санаторий ""Теремок"" Министерства здравоохранения Российской Федерации",,0,,,Учреждение здравоохранения | (40150) 3-20-08
minzdrav,Ленинградская обл.,Волховский р-н,"село Колчаново, ул.Центральная, 45","Федеральное государственное бюджетное учреждение детский пульмонологический санаторий ""Колчаново"" Министерства здравоохранения Российской Федерации",,0,,,Учреждение здравоохранения | (81363) 3-81-61
minzdrav,Калининградская обл. г. Светлогорск,Калиниградский пр-т,"Калининградская обл. г. Светлогорск, Калиниградский пр-т, 74","Федеральное государственное бюджетное учреждение детский пульмонологический санаторий ""Отрадное"" Министерства здравоохранения Российской Федерации",,0,,,Учреждение здравоохранения | (40153) 2-11-25
minzdrav,Алтайский край,Белокуриха,"ул. Славского, 30","Федеральное государственное бюджетное учреждение детский санаторий ""Белокуриха"" Министерства здравоохранения Российской Федерации",,0,,,Учреждение здравоохранения | (38577) 2-33-58
minzdrav,Краснодарский край,Анапа,Пионерский пр. 21,"Федеральное государственное бюджетное учреждение детский санаторий ""Бимлюк"" Министерства здравоохранения Российской Федерации",,0,,,"Учреждение здравоохранения | (86133) 3-38-36, (86133) 3-36-86"
minzdrav,Моск.обл.,Одинцовский район,п/о санаторий им. Герцена,"Федеральное государственное бюджетное учреждение детский санаторий ""Васильевское"" Министерства здравоохранения Российской Федерации",,0,,,Учреждение здравоохранения | 992-14-23
minzdrav,Краснодарский край,Анапа,"пр-кт Революции, 13","Федеральное государственное бюджетное учреждение детский санаторий ""Голубая волна"" Министерства здравоохранения Российской Федерации",,0,,,Учреждение здравоохранения | (86133) 3-25-87
minzdrav,Новосибирская обл. Чановский р-н,пос. Озеро Карачи (курорт),"ул. Школьная, 7","Федеральное государственное бюджетное учреждение детский психоневрологический санаторий ""Озеро Карачи"" Министерства здравоохранения Российской Федерации",,0,,,Учреждение здравоохранения | (383) 67- 411-76 Факс (38367)-41-576
minzdrav,,Республика Хакасия,"Ширинский район, пос. Жемчужный, ул. Санаторная, 7","Федеральное государственное бюджетное учреждение детский санаторий ""Озеро Шира"" Министерства здравоохранения Российской Федерации",,0,,,"Учреждение здравоохранения | (39035) 9-72-45, факс (39035) 9-71-66"
minzdrav,Краснодарский край,Сочи,"Курортный проспект, 103/3","Федеральное государственное бюджетное учреждение санаторий ""Юность"" Министерства здравоохранения Российской Федерации",,0,,,Учреждение здравоохранения | (8862) 241-84-48 факс   241-84-89
minzdrav,Рязанская обл.,Спасский р-н,с. Кирицы,"Федеральное государственное бюджетное учреждение детский туберкулезный санаторий ""Кирицы"" Министерства здравоохранения Российской Федерации",,0,,,"Учреждение здравоохранения | (49135) 5-31-92, (49135) 3-38-53, (4912) 46-00-72, (4912) 27-60-82"
minzdrav,,Санкт-Петербург,"Пушкинский район, г. Пушкин, ул. Парковая 2/1","Федеральное государственное бюджетное учреждение детский туберкулезный санаторий ""Пушкинский"" Министерства здравоохранения Российской Федерации",,0,,,"Учреждение здравоохранения | (812) 465-29-26, (812) 465-56-71 465-35-90"
minzdrav,Калининградская обл. г.Советск,ул.Полевая,"Калининградская обл. г.Советск, ул.Полевая, 4","Федеральное государственное бюджетное учреждение клинический санаторий ""Советск"" Министерства здравоохранения Российской Федерации",,0,,,Учреждение здравоохранения | (40161) 6-56-24
minzdrav,Московская область,Звенигород,п/о Введенское,"Федеральное государственное бюджетное учреждение санаторий ""Звенигород"" Министерства здравоохранения Российской Федерации",,0,,,"Учреждение здравоохранения | (495) 992-41-03, (495) 992-41-02"
minzdrav,,Республика Башкортостан,"Белебеевский район, село санатория «Глуховская»","Федеральное государственное бюджетное учреждение санаторий ""Глуховская"" Министерства здравоохранения Российской Федерации",,0,,,"Учреждение здравоохранения | (34786) 2-02-25, (34786) 2-02-44"
minzdrav,Самарская обл.,Тольятти,"Лесопарковое шоссе, 2","Федеральное государственное бюджетное учреждение санаторий ""Лесное"" Министерства здравоохранения Российской Федерации",,0,,,"Учреждение здравоохранения | (8482) 25-96-00 , 25-96-01"
minzdrav,Ставропольский край,Железноводск,"ул. Калинина, 22","Федеральное государственное бюджетное учреждение санаторий ""Русь"" Министерства здравоохранения Российской Федерации",,0,,,"Учреждение здравоохранения | (87932) 3-21-43, (87932) 4-44-15, 3-21-45"
minzdrav,,Санкт-Петербург,Приморский просп. 89,"Федеральное государственное бюджетное учреждение санаторий ""Трудовые резервы"" Министерства здравоохранения и Российской Федерации",,0,,,Учреждение здравоохранения | (812) 430-28-45
minzdrav,,Республика Башкортостан,"Альшеевский р-он, ст.Шафраново, ул. Железнодорожная, д. 120","Федеральное государственное бюджетное учреждение санаторий ""Шафраново"" Министерства здравоохранения Российской Федерации",,0,,,"Учреждение здравоохранения | (34754) 2-53-60, (34754) 2-50-05"
minzdrav,Московская обл.,Щелковский р-он,"п/о Кашинцево, пос.Юность",Федеральное государственное бюджетное учреждение санаторий имени Горького Министерства здравоохранения Российской Федерации,,0,,,Учреждение здравоохранения | (495)  526-76-01-прям. 993-02-14-секр
minzdrav,Ставропольский край,Ессентуки,"ул. Разумовского, 16",Федеральное государственное бюджетное учреждение санаторий имени М.И. Калинина Министерства здравоохранения Российской Федерации,,0,,,"Учреждение здравоохранения | (87934) 6-20-45, (87934) 4-13-85"
minzdrav,,Республика Башкортостан,"Белебеевский район, с. Аксаково, ул. Садовая, 1",Федеральное государственное бюджетное учреждение санаторий имени С.Т. Аксакова Министерства здравоохранения Российской Федерации,,0,,,"Учреждение здравоохранения | (34786) 2-36-72, факс (34786) 2-35-84"
minzdrav,,Республика Алтай,"Чемальский р-он, с. Чемал, ул. Курортная, 1","Федеральное государственное бюджетное учреждение туберкулезный санаторий ""Чемал"" Министерства здравоохранения Российской Федерации",,0,,,Учреждение здравоохранения | (38841) 2-24-41
minzdrav,Ленинградская обл.,Выборгский р-он,пос. Красный Холм,"Федеральное государственное бюджетное учреждение туберкулезный санаторий ""Выборг-3"" Министерства здравоохранения Российской Федерации",,0,,,"Учреждение здравоохранения | (81378) 7-80-40, (81378) 7-80-32"
minzdrav,Ленинградская обл.,Выборгский р-он,пос. Отрадное,"Федеральное государственное бюджетное учреждение туберкулезный санаторий ""Выборг-7"" Министерства здравоохранения Российской Федерации",,0,,,"Учреждение здравоохранения | (81378) 7-92-87, (81378) 7-90-40"
minzdrav,Краснодарский край,Геленджик,"ул. Просторная, 2","Федеральное государственное бюджетное учреждение туберкулезный санаторий ""Голубая бухта"" Министерства здравоохранения Российской Федерации",,0,,,Учреждение здравоохранения | (86141) 2-82-71
minzdrav,Ленинградская обл.,Лужский р-он,"Лужское городское поселение, поселок Санаторий «Жемчужина»","Федеральное государственное бюджетное учреждение туберкулезный санаторий ""Жемчужина"" Министерства здравоохранения Российской Федерации",,0,,,Учреждение здравоохранения | (81372) 2-25-02
minzdrav,,Карачаево-Черкесская Республика г. Теберда,"ул. Карачаевская, 20","Федеральное государственное бюджетное учреждение туберкулезный санаторий ""Теберда"" Министерства здравоохранения Российской Федерации",,0,,,Учреждение здравоохранения | (87872) 5-21-01
minzdrav,Ленинградская обл.,Лужский р-он,п/о Красный Вал,"Федеральное государственное бюджетное учреждение фтизиоофтальмологический санаторий ""Красный Вал"" Министерства здравоохранения Российской Федерации",,0,,,"Учреждение здравоохранения | (81372) 5-69-47, факс (81372) 5-81-65"
minzdrav,Краснодарский край,Сочи,"Л-206, ул. Семашко, 17а",Федеральное государственное бюджетное учреждение детский дерматологический санаторий имени Н.А. Семашко Министерства здравоохранения Российской Федерации,,0,,,Учреждение здравоохранения | (8622) 52-28-50
minzdrav,Московская область,Раменский район,"пос. Кратово, ул. Тверская, д. 1","Федеральное государственное бюджетное учреждение ""Санаторий для детей с родителями ""Кратово"" Министерства здравоохранения Российской Федерации",,0,,,"Учреждение здравоохранения | (495) 556-22-28, (496) 462-35-80"
minzdrav,,Москва,"Вучетича, д. 12","Федеральное государственное бюджетное учреждение ""Центр информационно-технологической и эксплуатационной поддержки"" Министерства здравоохранения Российской Федерации",,0,,,Иное учреждение | (499) 578-03-00
minzdrav,,Юридический адрес: 101000,"Москва, Потаповский пер., д. 5, стр. 4 Фактический: 117312, Москва, ул. Вавилова, д. 13А","Федеральное государственное бюджетное учреждение ""Центр экспертизы и контроля качества медицинской помощи"" Министерства здравоохранения Российской Федерации",,0,,,Иное учреждение | (495) 783-19-05 доб. 110
minzdrav,,Москва,г. Троицк,Федеральное государственное бюджетное учреждение Центр реабилитации (для детей с нарушением слуха) Министерства здравоохранения Российской Федерации,,0,,,"Иное учреждение | (495) 841-58-17, (495) 549-53-72 841-68-45"
minzdrav,Волгоградская обл,Камышинский р-он,село Дворянское,"Федеральное казенное учреждение ""Волгоградская психиатрическая больница (стационар) специализированного типа с интенсивным наблюдением"" Министерства здравоохранения Российской Федерации",,0,,,Учреждение здравоохранения | (84457) 7-03-35
minzdrav,,Казань,"ул.Н.Ершова, 49-а","Федеральное казенное учреждение ""Казанская психиатрическая больница (стационар) специализированного типа с интенсивным наблюдением"" Министерства здравоохранения Российской Федерации",,0,,,"Учреждение здравоохранения | (843) 272-41-34, факс (843) 273-28-71"
minzdrav,Калининградская обл.,Черняховск,"ул. Пригородная, 2","Федеральное казенное учреждение ""Калининградская психиатрическая больница (стационар) специализированного типа с интенсивным наблюдением"" Министерства здравоохранения Российской Федерации",,0,,,Учреждение здравоохранения | (40141) 2-22-61
minzdrav,Костромская обл.,Судиславский р-он,п. Березовая Роща,"Федеральное казенное учреждение ""Костромская психиатрическая больница (стационар) специализированного типа с интенсивным наблюдением"" Министерства здравоохранения Российской Федерации",,0,,,"Учреждение здравоохранения | (49433)  25-735 , 25-079, Факс     33-200"
minzdrav,,Новосибирск,"ул.Охотская, 90","Федеральное казенное учреждение ""Новосибирская психиатрическая больница (стационар) специализированного типа с интенсивным наблюдением"" Министерства здравоохранения Российской Федерации",,0,,,Учреждение здравоохранения | (8383) 203-74-61 т.ф.
minzdrav,,Орел,"ул. Ростовская, 11","Федеральное казенное учреждение ""Орловская психиатрическая больница (стационар) специализированного типа с интенсивным наблюдением"" Министерства здравоохранения Российской Федерации",,0,,,"Учреждение здравоохранения | (4862) 55-81-43, (4862) 47-01-62"
minzdrav,,Санкт-Петербург,"ул. Арсенальная, 9","Федеральное казенное учреждение ""Санкт-Петербургская психиатрическая больница (стационар) специализированного типа с интенсивным наблюдением"" Министерства здравоохранения Российской Федерации",,0,,,"Учреждение здравоохранения | (812) 542-38-85, (812) 542-26-95"
minzdrav,Смоленская обл.,Сычевка,"ул. К.Маркса, 71","Федеральное казенное учреждение ""Смоленская психиатрическая больница (стационар) специализированного типа с интенсивным наблюдением"" Министерства здравоохранения Российской Федерации",,0,,,Учреждение здравоохранения | (48130) 4-22-60
minzdrav,Ставропольский край,Георгиевский р-н,пос.Терский,"Федеральное казенное учреждение ""Терский лепрозорий"" Министерства здравоохранения Российской Федерации",,0,,,Учреждение здравоохранения | (87951) 35-7-13
minzdrav,,Санкт-Петербург,"п. Усть - Ижора, Шлиссельбургское шоссе, 3","Федеральное казенное учреждение ""Республиканская клиническая инфекционная больница"" Министерства здравоохранения Российской Федерации",,0,,,Учреждение здравоохранения | (812) 464-93-29
minzdrav,,Москва,"Славянская пл., 4 стр.1","Федеральное казенное учреждение ""Дирекция единого заказчика-застройщика"" Министерства здравоохранения Российской Федерации",,0,,,"Учреждение здравоохранения | (495) 698-40-60, (495) 698-43-08"
minzdrav,,Россия,"г. Курган, ул. М.Ульяновой, д.6","Федеральное государственное унитарное предприятие ""Опытный завод Российского научного центра ""Восстановительная травматология и ортопедия"" имени академика Г.А. Илизарова"" Министерства здравоохранения Российской Федерации",,0,,,"Учреждение здравоохранения | (3522) 63-00-96, (3522) 23-42-40"
minzdrav,Московская область,Химки,"ул. Молодежная, д. 1, пом. 001","Федеральное государственное унитарное предприятие ""Ремонтно-строительное управление"" Министерства здравоохранения Российской Федерации",,0,,,Учреждение здравоохранения | 8-903-295-77-54
