city,area,district,body_name,org_name,body_type,address,phone,email,website,lat,lon,source_url,notes
Москва,Северный административный округ,Головинский район,Учебно-консультационный пункт по гражданской обороне и чрезвычайным ситуациям Головинского района,Государственное бюджетное учреждение «Жилищник Головинского района»,ukp,"город Москва, улица Онежская, дом 39",(985) 206-75-94,a500z@mail.ru,,55.855906521,37.511810403,https://data.mos.ru/opendata/1135,"Учебно-консультационный пункт по ГО и ЧС. график: вт 15:00-17:00, чт 15:00-17:00"
Москва,Северный административный округ,Молжаниновский район,Учебно-консультационный пункт по гражданской обороне и чрезвычайным ситуациям Молжаниновского района,Государственное бюджетное учреждение «Жилищник Молжаниновского района»,ukp,"город Москва, 4-я улица Новосёлки, дом 2",(916) 504-55-21,gbu-molganinovo@pnao.mos.ru,,55.927428744,37.390862467,https://data.mos.ru/opendata/1135,"Учебно-консультационный пункт по ГО и ЧС. график: вт 15:00-17:00, чт 15:00-17:00"
Москва,Северо-Восточный административный округ,Алексеевский район,Учебно-консультационный пункт по гражданской обороне и чрезвычайным ситуациям района Алексеевский (проспект Мира),Управа Алексеевского района,ukp,"город Москва, проспект Мира, дом 104",(495) 682-45-84,alexdez@list.ru,,55.802166381,37.63676015,https://data.mos.ru/opendata/1135,"Учебно-консультационный пункт по ГО и ЧС. график: вт 15:00-17:00, чт 15:00-17:00"
Москва,Северо-Восточный административный округ,Бутырский район,Учебно-консультационный пункт по гражданской обороне и чрезвычайным ситуациям района Бутырский,Государственное бюджетное учреждение «Жилищник Бутырского района» (ОДС),ukp,"город Москва, улица Яблочкова, дом 29В",(495) 610-42-01,gbubyt11A@svao.mos.ru,,55.823613964,37.576307034,https://data.mos.ru/opendata/1135,"Учебно-консультационный пункт по ГО и ЧС. график: вт 15:00-17:00, чт 15:00-17:00"
Москва,Северо-Восточный административный округ,район Лианозово,Учебно-консультационный пункт по гражданской обороне и чрезвычайным ситуациям района Лианозово (Новгородская улица),Государственное бюджетное учреждение «Жилищник района Лианозово» (вывеска УКП),ukp,"город Москва, улица Новгородская, дом 32",(499) 908-80-79,gbu-lia@svao.mos.ru,,55.903597406,37.581370448,https://data.mos.ru/opendata/1135,"Учебно-консультационный пункт по ГО и ЧС. график: вт 15:00-17:00, чт 15:00-17:00"
Москва,Северо-Восточный административный округ,район Марфино,Учебно-консультационный пункт по гражданской обороне и чрезвычайным ситуациям района Марфино,Государственное бюджетное учреждение «Жилищник района Марфино» (вывеска УКП),ukp,"город Москва, улица Академика Комарова, дом 9",(495) 618-18-26,Gbu.marfino@mail.ru,,55.829054156,37.590536975,https://data.mos.ru/opendata/1135,"Учебно-консультационный пункт по ГО и ЧС. график: вт 15:00-17:00, чт 15:00-17:00"
Москва,Северо-Восточный административный округ,район Южное Медведково,"Учебно-консультационный пункт по гражданской обороне и чрезвычайным ситуациям района Южное Медведково (улица Полярная улица, д.16)",Государственное бюджетное учреждение «Жилищник района Южное Медведково» (вывеска УКП),ukp,"город Москва, улица Полярная, дом 16, корпус 2, этаж 1",(499) 473-35-04,gbu_sme@mail.ru,,55.876697703,37.639319736,https://data.mos.ru/opendata/1135,"Учебно-консультационный пункт по ГО и ЧС. график: вт 15:00-17:00, чт 15:00-17:00"
Москва,Восточный административный округ,район Северное Измайлово,Учебно-консультационный пункт по гражданской обороне и чрезвычайным ситуациям района Северное Измайлово,"Государственное бюджетное учреждение «Жилищник района Северное Измайлово» (1 этаж, мастерский участок)",ukp,"город Москва, 15-я Парковая улица, дом 42, корпус 5",(916) 966-69-16,PetrosyanLS@pvao.mos.ru,,55.806956176,37.824449408,https://data.mos.ru/opendata/1135,"Учебно-консультационный пункт по ГО и ЧС. график: вт 15:00-17:00, чт 15:00-17:00"
Москва,Юго-Восточный административный округ,Рязанский район,Учебно-консультационный пункт по гражданской обороне и чрезвычайным ситуациям района Рязанский,Государственное бюджетное учреждение «Жилищник района Рязанский»,ukp,"город Москва, 1-я Новокузьминская улица, дом 22, корпус 2",(495) 378-08-02,gbu.ryazanka@yandex.ru,,55.712487899,37.792873759,https://data.mos.ru/opendata/1135,"Учебно-консультационный пункт по ГО и ЧС. график: вт 15:00-17:00, чт 15:00-17:00"
Москва,Юго-Восточный административный округ,район Выхино-Жулебино,Учебно-консультационный пункт по гражданской обороне и чрезвычайным ситуациям района Выхино-Жулебино,Государственное бюджетное учреждение «Жилищник Выхино района Выхино-Жулебино» (участок № 4),ukp,"город Москва, Хвалынский бульвар, дом 1",(495) 955-14-91,vixino3@mail.ru,,55.69920165,37.853562975,https://data.mos.ru/opendata/1135,"Учебно-консультационный пункт по ГО и ЧС. график: вт 15:00-17:00, чт 15:00-17:00"
Москва,Юго-Восточный административный округ,район Марьино,Учебно-консультационный пункт по гражданской обороне и чрезвычайным ситуациям района Марьино,"Государственное бюджетное учреждение «Жилищник района Марьино» (участок № 4, ОДС № 20)",ukp,"город Москва, Новочеркасский бульвар, дом 57",(495) 348-91-07,sekdez@yandex.ru,,55.649737897,37.739662664,https://data.mos.ru/opendata/1135,"Учебно-консультационный пункт по ГО и ЧС. график: вт 15:00-17:00, чт 15:00-17:00"
Москва,Юго-Восточный административный округ,район Кузьминки,Учебно-консультационный пункт по гражданской обороне и чрезвычайным ситуациям района Кузьминки,Государственное бюджетное учреждение «Жилищник района Кузьминки»,ukp,"город Москва, улица Зеленодольская, дом 31, корпус 1",(495) 379-86-36,kuzminki.gbu@mail.ru,,55.707717299,37.768628851,https://data.mos.ru/opendata/1135,"Учебно-консультационный пункт по ГО и ЧС. график: вт 15:00-17:00, чт 15:00-17:00"
Москва,Юго-Восточный административный округ,район Печатники,Учебно-консультационный пункт по гражданской обороне и чрезвычайным ситуациям района Печатники,Государственное бюджетное учреждение «Жилищник района Печатники»,ukp,"город Москва, улица Гурьянова, дом 23",(495) 657-35-00,gbupechat@yandex.ru,,55.687826363,37.719891465,https://data.mos.ru/opendata/1135,"Учебно-консультационный пункт по ГО и ЧС. график: вт 15:00-17:00, чт 15:00-17:00"
Москва,Южный административный округ,Даниловский район,Учебно-консультационный пункт по гражданской обороне и чрезвычайным ситуациям района Даниловский,Государственное бюджетное учреждение «Жилищник района Даниловский» (ОДС № 322),ukp,"город Москва, улица Шухова, дом 4, кабинет 206",(499) 237-43-68,Gohs2020@mail.ru,,55.717110576,37.617997693,https://data.mos.ru/opendata/1135,"Учебно-консультационный пункт по ГО и ЧС. график: вт 15:00-17:00, чт 15:00-17:00"
Москва,Центральный административный округ,Басманный район,Учебно-консультационный пункт по гражданской обороне и чрезвычайным ситуациям района Басманный,Государственное бюджетное учреждение «Жилищник Басманного района»,ukp,"город Москва, 1-й Басманный переулок, дом 6",(495) 607-04-36,gbu-basman@pcao.mos.ru,,55.770924172,37.663625867,https://data.mos.ru/opendata/1135,"Учебно-консультационный пункт по ГО и ЧС. график: вт 14:00-17:00, чт 14:00-17:00"
Москва,Северный административный округ,район Аэропорт,Учебно-консультационный пункт по гражданской обороне и чрезвычайным ситуациям района Аэропорт,Государственное бюджетное учреждение «Жилищник района Аэропорт»,ukp,"город Москва, 2-й Балтийский переулок, дом 4",(499) 151-88-04,sao-aeroport@mos.ru,,55.807774918,37.524739606,https://data.mos.ru/opendata/1135,"Учебно-консультационный пункт по ГО и ЧС. график: вт 15:00-17:00, чт 15:00-17:00"
Москва,Центральный административный округ,Тверской район,Учебно-консультационный пункт по гражданской обороне и чрезвычайным ситуациям района Тверской,Государственное бюджетное учреждение «Жилищник района Тверской» (участок № 8),ukp,"город Москва, 2-й Самотечный переулок,  дом 1/23",(925) 953-53-18,islanovRS@pcao.mos.ru,,55.777352278,37.616673072,https://data.mos.ru/opendata/1135,"Учебно-консультационный пункт по ГО и ЧС. график: вт 14:00-17:00, чт 14:00-17:00"
Москва,Центральный административный округ,район Хамовники,Учебно-консультационный пункт по гражданской обороне и чрезвычайным ситуациям района Хамовники,помещение Государственного бюджетного учреждения «Жилищник района Хамовники» (вывеска УКП),ukp,"город Москва, улица Ефремова, дом 13",(499) 242-52-04,gbu-hamovniki@pcao.mos.ru,,55.72443983,37.574283616,https://data.mos.ru/opendata/1135,"Учебно-консультационный пункт по ГО и ЧС. график: вт 14:00-17:00, чт 14:00-17:00"
Москва,Центральный административный округ,район Якиманка,Учебно-консультационный пункт по гражданской обороне и чрезвычайным ситуациям района Якиманка,Государственное бюджетное учреждение «Жилищник района Якиманка»,ukp,"город Москва, 1-й Кадашевский переулок, дом 9, строение 1",(495) 953-39-94,gbu-yakimanka@pcao.mos.ru,,55.742753344,37.622004626,https://data.mos.ru/opendata/1135,"Учебно-консультационный пункт по ГО и ЧС. график: вт 14:00-17:00, чт 14:00-17:00"
Москва,Северный административный округ,Тимирязевский район,Учебно-консультационный пункт по гражданской обороне и чрезвычайным ситуациям Тимирязевского района,Управа Тимирязевского района,ukp,"город Москва, Астрадамский проезд, дом 4",(915) 120-04-01,TonkovVN@pnao.mos.ru,,55.811523171,37.561117903,https://data.mos.ru/opendata/1135,"Учебно-консультационный пункт по ГО и ЧС. график: вт 15:00-17:00, чт 15:00-17:00"
Москва,Юго-Восточный административный округ,район Лефортово,Учебно-консультационный пункт по гражданской обороне и чрезвычайным ситуациям района Лефортово,Государственное бюджетное учреждение «Жилищник района Лефортово» (участок № 2),ukp,"город Москва, улица Левый тупик, дом 5\7",(495) 362-23-87; (495) 362-23-32,oolefortovo@mail.ru,,55.747532527,37.70085252,https://data.mos.ru/opendata/1135,"Учебно-консультационный пункт по ГО и ЧС. график: вт 15:00-17:00, чт 15:00-17:00. Временно не работает, проводится плановый ремонт помещения УКП"
Москва,Юго-Восточный административный округ,район Люблино,Учебно-консультационный пункт по гражданской обороне и чрезвычайным ситуациям района Люблино,Государственное бюджетное учреждение «Жилищник района Люблино»,ukp,"город Москва, улица Кубанская, дом 27",(495) 350-01-45,l_dez@inbox.ru,,55.684327649,37.741780841,https://data.mos.ru/opendata/1135,"Учебно-консультационный пункт по ГО и ЧС. график: вт 15:00-17:00, чт 15:00-17:00"
Москва,Южный административный округ,район Орехово-Борисово Северное,Учебно-консультационный пункт по гражданской обороне и чрезвычайным ситуациям района Орехово-Борисово Северное,Государственное бюджетное учреждение «Жилищник района Орехово-Борисово Северное» (ОДС № 422),ukp,"город Москва, Борисовский проезд, дом 11, корпус 3, кабинет 2, 3",(903) 506-22-96; (962) 937-86-52,gbu_obs_go@mail.ru,,55.627119373,37.719197814,https://data.mos.ru/opendata/1135,"Учебно-консультационный пункт по ГО и ЧС. график: вт 15:00-17:00, чт 15:00-17:00"
Москва,Южный административный округ,район Царицыно,Учебно-консультационный пункт по гражданской обороне и чрезвычайным ситуациям района Царицыно,Государственное бюджетное учреждение «Жилищник района Царицыно»,ukp,"город Москва, улица Кантемировская, дом 39А",(495) 852-00-38; (929) 475-69-73,gbu-tsaritsyno@mail.ru,,55.636698811,37.659551562,https://data.mos.ru/opendata/1135,"Учебно-консультационный пункт по ГО и ЧС. график: вт 15:00-17:00, чт 15:00-17:00"
Москва,Южный административный округ,Донской район,Учебно-консультационный пункт по гражданской обороне и чрезвычайным ситуациям района Донской,Государственное бюджетное учреждение «Жилищник района Донской»,ukp,"город Москва, Загородное шоссе, дом 6, корпус 1",(495) 958-20-36,gbu_don@mail.ru,,55.693898256,37.606096937,https://data.mos.ru/opendata/1135,"Учебно-консультационный пункт по ГО и ЧС. график: вт 15:00-17:00, чт 15:00-17:00"
Москва,Юго-Западный административный округ,район Южное Бутово,Учебно-консультационный пункт по гражданской обороне и чрезвычайным ситуациям района Южное Бутово,Государственное бюджетное учреждение «Жилищник района Южное Бутово» (северная сторона дома),ukp,"город Москва, улица Изюмская, дом 43",(903) 249-86-90,gbu-ub@uzao.mos.ru,,55.549051262,37.569068645,https://data.mos.ru/opendata/1135,"Учебно-консультационный пункт по ГО и ЧС. график: пн 08:00-17:00, вт 08:00-17:00, ср 08:00-17:00, чт 08:00-17:00, пт 08:00-15:45"
Москва,Западный административный округ,район Дорогомилово,Учебно-консультационный пункт по гражданской обороне и чрезвычайным ситуациям района Дорогомилово (Большая Дорогомиловская),Государственное бюджетное учреждение «Жилищник района Дорогомилово» (вывеска УКП),ukp,"город Москва, улица Большая Дорогомиловская, дом 6",(917) 083-83-28,gbuzhilishnik07.2013@mail.ru,,55.745569477,37.569615137,https://data.mos.ru/opendata/1135,"Учебно-консультационный пункт по ГО и ЧС. график: вт 15:00-17:00, чт 15:00-17:00"
Москва,Северо-Западный административный округ,район Митино,Учебно-консультационный пункт по гражданской обороне и чрезвычайным ситуациям района Митино (Пятницкое шоссе),Государственное бюджетное учреждение «Жилищник района Митино» (ДДС),ukp,"город Москва, Пятницкое шоссе, дом 13, корпус 1",(916) 358-85-96,Go4smitino@gmail.com,,55.841106858,37.382039972,https://data.mos.ru/opendata/1135,"Учебно-консультационный пункт по ГО и ЧС. график: вт 15:00-17:00, чт 15:00-17:00"
Москва,Троицкий административный округ,район Троицк,Учебно-консультационный уголок по гражданской обороне и чрезвычайным ситуациям района Троицк (Октябрьский проспект),Управляющая компания ООО Агентство «Талион» (помещение ООО Талион),ukp,"город Троицк, улица Октябрьский проспект, дом 13",(495) 850-12-90; (495) 851-12-43,511243@mail.ru,,55.476476841,37.296226964,https://data.mos.ru/opendata/1135,"Учебно-консультационный пункт по ГО и ЧС. график: пн 10:00-17:00, вт 10:00-17:00, ср 10:00-17:00, чт 10:00-17:00, пт 10:00-17:00"
Москва,Новомосковский административный округ,район Внуково,Учебно-консультационный пункт по гражданской обороне и чрезвычайным ситуациям района Внуково (поселение Кокошкино),ГБУ «Жилищник района Внуково»,ukp,"город Москва, поселение Кокошкино, улица Школьная, дом 4а",(495) 736-13-53,gbu-vnukovo@tinao.mos.ru,,55.601637644,37.16366941,https://data.mos.ru/opendata/1135,"Учебно-консультационный пункт по ГО и ЧС. график: вт 15:00-17:00, чт 15:00-17:00. телефон для связи 8-495-150-80-82, доб. 999"
Москва,Восточный административный округ,район Богородское,Учебно-консультационный пункт по гражданской обороне и чрезвычайным ситуациям района Богородское,Государственное бюджетное учреждение «Жилищник района Богородское» (вывеска УКП),ukp,"город Москва, 3-я Богатырская улица, дом 3, 1 этаж",(977) 266-92-29,olegprigolovkin@mail.ru,,55.816845667,37.694627203,https://data.mos.ru/opendata/1135,"Учебно-консультационный пункт по ГО и ЧС. график: вт 15:00-17:00, чт 15:00-17:00"
Москва,Западный административный округ,район Фили-Давыдково,Учебно-консультационный пункт по гражданской обороне и чрезвычайным ситуациям района Фили-Давыдково,Государственное бюджетное учреждение «Жилищник района Фили-Давыдково»,ukp,"город Москва, улица Кастанаевская, дом 27, строение 9",(499) 144-18-93; (909) 152-28-49,gbu.davydkovo@yandex.ru,,55.734858071,37.482090928,https://data.mos.ru/opendata/1135,"Учебно-консультационный пункт по ГО и ЧС. график: вт 15:00-17:00, чт 15:00-17:00"
Москва,Западный административный округ,район Очаково-Матвеевское,Учебно-консультационный пункт по гражданской обороне и чрезвычайным ситуациям района Очаково-Матвеевское,Государственное бюджетное учреждение «Жилищник района Очаково-Матвеевское»,ukp,"город Москва, улица Веерная, дом 20",(985) 663-79-83; (495) 123-34-38,dez-om@mail.ru,,55.708489624,37.48406362,https://data.mos.ru/opendata/1135,"Учебно-консультационный пункт по ГО и ЧС. график: вт 15:00-17:00, чт 15:00-17:00. (495) 123-34-38, доб. 211"
Москва,Центральный административный округ,район Арбат,Учебно-консультационный пункт по гражданской обороне и чрезвычайным ситуациям района Арбат,Управа района Арбат,ukp,"город Москва, улица Арбат, дом 40, строение 2",(499) 252-84-22,arbat@mos.ru,,55.748782259,37.587557438,https://data.mos.ru/opendata/1135,"Учебно-консультационный пункт по ГО и ЧС. график: вт 14:00-17:00, чт 14:00-17:00"
Москва,Центральный административный округ,Красносельский район,Учебно-консультационный пункт по гражданской обороне и чрезвычайным ситуациям района Красносельский,"Государственное бюджетное учреждение «Жилищник Красносельского района» (ОДС, участок № 8)",ukp,"город Москва, улица Русаковская, дом 5",(499) 264-52-60,gbu-krasnoselskiy@pcao.mos.ru,,55.782725663,37.669738625,https://data.mos.ru/opendata/1135,"Учебно-консультационный пункт по ГО и ЧС. график: вт 14:00-17:00, чт 14:00-17:00"
Москва,Центральный административный округ,Мещанский район,Учебно-консультационный пункт по гражданской обороне и чрезвычайным ситуациям района Мещанский,Государственное бюджетное учреждение «Жилищник Мещанского района»,ukp,"город Москва, Ботанический переулок, дом 7",(495) 680-39-92,ZRME-gbu-meschanskiy@pcao.mos.ru,,55.778328592,37.637736415,https://data.mos.ru/opendata/1135,"Учебно-консультационный пункт по ГО и ЧС. график: вт 14:00-17:00, чт 14:00-17:00"
Москва,Центральный административный округ,Таганский район,Учебно-консультационный пункт по гражданской обороне и чрезвычайным ситуациям района Таганский,Государственное бюджетное учреждение «Жилищник Таганского района» (вывеска УКП),ukp,"город Москва, улица Воронцовская, дом 24/6 строение 2",(495) 912-44-87,gbu-taganskiy@pcao.mos.ru,,55.735934149,37.65788718,https://data.mos.ru/opendata/1135,"Учебно-консультационный пункт по ГО и ЧС. график: вт 14:00-17:00, чт 14:00-17:00"
Москва,Северный административный округ,Войковский район,Учебно-консультационный пункт по гражданской обороне и чрезвычайным ситуациям Войковского района,Государственное бюджетное учреждение «Жилищник района Войковский»,ukp,"город Москва, 5-й Новоподмосковный переулок, дом 4, корпус 1",(499) 150-08-83,gbuvoyk@pnao.mos.ru,,55.822114545,37.507855452,https://data.mos.ru/opendata/1135,"Учебно-консультационный пункт по ГО и ЧС. график: вт 15:00-17:00, чт 15:00-17:00"
Москва,Северный административный округ,район Сокол,Учебно-консультационный пункт по гражданской обороне и чрезвычайным ситуациям района Сокол,Государственное бюджетное учреждение «Жилищник района Сокол»,ukp,"город Москва, Волоколамское шоссе, дом 10",(910) 446-10-74,OrlovAI1@pnao.mos.ru,,55.808785064,37.498168517,https://data.mos.ru/opendata/1135,"Учебно-консультационный пункт по ГО и ЧС. график: вт 15:00-17:00, чт 15:00-17:00"
Москва,Северный административный округ,Савёловский район,Учебно-консультационный пункт по гражданской обороне и чрезвычайным ситуациям Савёловского района,Государственное бюджетное учреждение «Жилищник Савеловского района»,ukp,"город Москва, Петровско-Разумовский проезд, дом 16",(495) 109-57-86,gbusav@pnao.mos.ru,,55.79759149,37.569063642,https://data.mos.ru/opendata/1135,"Учебно-консультационный пункт по ГО и ЧС. график: вт 15:00-17:00, чт 15:00-17:00"
Москва,Северо-Восточный административный округ,Лосиноостровский район,Учебно-консультационный пункт по гражданской обороне и чрезвычайным ситуациям района Лосиноостровский (Тайнинская улица),Государственное бюджетное учреждение «Жилищник Лосиноостровского района» (ОДС),ukp,"город Москва, улица Тайнинская, дом 17, корпус 1",(499) 185-99-38,Dez-losinka@mail.ru,,55.885719929,37.684168291,https://data.mos.ru/opendata/1135,"Учебно-консультационный пункт по ГО и ЧС. график: вт 15:00-17:00, чт 15:00-17:00"
Москва,Северо-Восточный административный округ,район Отрадное,Учебно-консультационный пункт по гражданской обороне и чрезвычайным ситуациям района Отрадное (улица Хачатуряна),Государственное бюджетное учреждение «Жилищник района Отрадное» (ОДС),ukp,"город Москва, улица Хачатуряна, дом 7",(495) 708-44-69,Dez_otradnoe@mail.ru,,55.858202093,37.593415964,https://data.mos.ru/opendata/1135,"Учебно-консультационный пункт по ГО и ЧС. график: вт 15:00-17:00, чт 15:00-17:00"
Москва,Западный административный округ,район Солнцево,Учебно-консультационный пункт по гражданской обороне и чрезвычайным ситуациям района Солнцево,Государственное бюджетное учреждение «Жилищник района Солнцево»,ukp,"город Москва, улица Богданова, дом 50",(925) 919-99-60,gbu-sol@pzao.mos.ru,,55.650647629,37.394094052,https://data.mos.ru/opendata/1135,"Учебно-консультационный пункт по ГО и ЧС. график: вт 15:00-17:00, чт 15:00-17:00"
Москва,Западный административный округ,район Ново-Переделкино,Учебно-консультационный пункт по гражданской обороне и чрезвычайным ситуациям района Ново-Переделкино,Государственное бюджетное учреждение «Жилищник района Ново-Переделкино»,ukp,"город Москва, улица Новопеределкинская, дом 6",(985) 367-31-12,zao-zhilishnik-np@yandex.ru,,55.640329649,37.37029404,https://data.mos.ru/opendata/1135,"Учебно-консультационный пункт по ГО и ЧС. график: вт 15:00-17:00, чт 15:00-17:00"
Москва,Западный административный округ,район Тропарёво-Никулино,Учебно-консультационный пункт по гражданской обороне и чрезвычайным ситуациям района Тропарево-Никулино,Государственное бюджетное учреждение «Жилищник района Тропарево-Никулино»,ukp,"город Москва, улица Никулинская, дом 6, корпус 2",(916) 972-62-14,info@zhilishnik-tn.mos.ru,,55.667041457,37.463405513,https://data.mos.ru/opendata/1135,"Учебно-консультационный пункт по ГО и ЧС. график: вт 15:00-17:00, чт 15:00-17:00"
Москва,Западный административный округ,район Проспект Вернадского,Учебно-консультационный пункт по гражданской обороне и чрезвычайным ситуациям района Проспект Вернадского,Государственное бюджетное учреждение «Жилищник района Проспект Вернадского» (участок № 2),ukp,"город Москва, проспект Вернадского, дом 62, строение 1",(926) 626-30-35,gbu_vernadskogo@mail.ru,,55.675550036,37.495562078,https://data.mos.ru/opendata/1135,"Учебно-консультационный пункт по ГО и ЧС. график: вт 15:00-17:00, чт 15:00-17:00"
Москва,Северо-Западный административный округ,район Строгино,Учебно-консультационный пункт по гражданской обороне и чрезвычайным ситуациям района Строгино,"Государственное бюджетное учреждение «Жилищник района Строгино» (РЭУ №№ 4,5)",ukp,"город Москва, улица Маршала Катукова, дом 15, корпус 2",(495) 758-97-12,gbu-strogino@mail.ru,,55.8102041,37.40664888,https://data.mos.ru/opendata/1135,"Учебно-консультационный пункт по ГО и ЧС. график: вт 15:00-17:00, чт 15:00-17:00"
Москва,Северо-Западный административный округ,район Щукино,Учебно-консультационный пункт по гражданской обороне и чрезвычайным ситуациям района Щукино,Государственное бюджетное учреждение «Жилищник района Щукино»,ukp,"город Москва, улица Маршала Василевского, дом 1, корпус 2",(499) 194-86-37,ukp@гбу-щукино.рф,,55.802440034,37.472944523,https://data.mos.ru/opendata/1135,"Учебно-консультационный пункт по ГО и ЧС. график: вт 15:00-17:00, чт 15:00-17:00. Телефон (499) 194-86-37 доб. 140"
Москва,Восточный административный округ,район Восточное Измайлово,Учебно-консультационный пункт по гражданской обороне и чрезвычайным ситуациям района Восточное Измайлово,Государственное бюджетное учреждение «Жилищник района Восточное Измайлово»,ukp,"город Москва, улица 13-я Парковая, дом 16А, 1 этаж жилого дома",(977) 352-30-92,a.v.prochorov17@gmail.com,,55.798593487,37.813822671,https://data.mos.ru/opendata/1135,"Учебно-консультационный пункт по ГО и ЧС. график: вт 15:00-17:00, чт 15:00-17:00"
Москва,Восточный административный округ,район Новогиреево,Учебно-консультационный пункт по гражданской обороне и чрезвычайным ситуациям района Новогиреево,Государственное бюджетное учреждение «Жилищник района Новогиреево»,ukp,"город Москва, Союзный проспект, дом 20, корпус 2",(926) 249-73-22,yu.zvezdilin@gbunovogireevo.ru,,55.748406288,37.818587747,https://data.mos.ru/opendata/1135,"Учебно-консультационный пункт по ГО и ЧС. график: вт 15:00-17:00, чт 15:00-17:00"
Москва,Восточный административный округ,район Перово,Учебно-консультационный пункт по гражданской обороне и чрезвычайным ситуациям района Перово,Государственное бюджетное учреждение «Жилищник района Перово» (инженерная служба района Перово),ukp,"город Москва, улица Новогиреевская, дом 28, этаж 1",(985) 147-04-49,gbu-perovo@mail.ru,,55.755432087,37.796004596,https://data.mos.ru/opendata/1135,"Учебно-консультационный пункт по ГО и ЧС. график: вт 15:00-17:00, чт 15:00-17:00"
Москва,Восточный административный округ,район Преображенское,Учебно-консультационный пункт по гражданской обороне и чрезвычайным ситуациям района Преображенское,Государственное бюджетное учреждение «Жилищник района Преображенское»,ukp,"город Москва, улица Знаменская, дом 23",(916) 158-99-09; (985) 845-75-28,1615397@mail.ru; ot-preobragenskoe@yandex.ru,,55.803026651,37.719655746,https://data.mos.ru/opendata/1135,"Учебно-консультационный пункт по ГО и ЧС. график: вт 14:00-17:00, чт 14:00-17:00"
Москва,Северо-Восточный административный округ,Ярославский район,Учебно-консультационный пункт по гражданской обороне и чрезвычайным ситуациям района Ярославский,помещение ГБУ Жилищник Ярославского района,ukp,"город Москва, улица Вешних Вод, дом 2, корпус 2",(499) 182-99-63,Svao-Yar-Gbu@svao.mos.ru,,55.857202398,37.698708103,https://data.mos.ru/opendata/1135,"Учебно-консультационный пункт по ГО и ЧС. график: вт 15:00-17:00, чт 15:00-17:00"
Москва,Восточный административный округ,район Вешняки,Учебно-консультационный пункт по гражданской обороне и чрезвычайным ситуациям района Вешняки,"Государственное бюджетное учреждение «Жилищник района Вешняки» (диспетчерская, ОДС № 18)",ukp,"город Москва, улица Молдагуловой, дом 30, этаж 1",(499) 653-83-11; (903) 734-23-00,gorbunowoleg@rambler.ru,,55.719782248,37.828465905,https://data.mos.ru/opendata/1135,"Учебно-консультационный пункт по ГО и ЧС. график: вт 15:00-17:00, чт 15:00-17:00"
Москва,Восточный административный округ,район Ивановское,Учебно-консультационный пункт по гражданской обороне и чрезвычайным ситуациям Ивановского района,"Государственное бюджетное учреждение «Жилищник Ивановского района» (участок № 12, ОДС № 1)",ukp,"город Москва, улица Челябинская, дом 8, этаж 2",(495) 989-53-44; (965) 180-44-55; (916) 156-27-92,ot-ivanovskoe@yandex.ru,,55.775396825,37.82393327,https://data.mos.ru/opendata/1135,"Учебно-консультационный пункт по ГО и ЧС. график: вт 15:00-17:00, чт 15:00-17:00"
Москва,Восточный административный округ,район Косино-Ухтомский,Учебно-консультационный пункт по гражданской обороне и чрезвычайным ситуациям района Косино-Ухтомский,Государственное бюджетное учреждение «Жилищник района Косино-Ухтомский»,ukp,"город Москва, улица Руднёвка, дом 27",(925) 280-62-43; (916) 997-01-86,BobrovAG@pvao.mos.ru,,55.716717055,37.889915513,https://data.mos.ru/opendata/1135,"Учебно-консультационный пункт по ГО и ЧС. график: вт 15:00-17:00, чт 15:00-17:00"
Москва,Юго-Восточный административный округ,район Капотня,Учебно-консультационный пункт по гражданской обороне и чрезвычайным ситуациям района Капотня,Государственное бюджетное учреждение «Жилищник района Капотня»,ukp,"город Москва, Капотня, 2-й квартал, дом 4",(495) 355-75-92; (495) 355-67-56,gbu.kapotnya@mail.ru,,55.640064334,37.797777073,https://data.mos.ru/opendata/1135,"Учебно-консультационный пункт по ГО и ЧС. график: вт 15:00-17:00, чт 15:00-17:00"
Москва,Южный административный округ,район Москворечье-Сабурово,Учебно-консультационный пункт по гражданской обороне и чрезвычайным ситуациям района Москворечье-Сабурово,"Управа района Москворечье-Сабурово города Москвы (1 этаж, актовый зал)",ukp,"город Москва, Пролетарский проспект, дом 7",(495) 344-65-63,gbu-msab@mail.ru,,55.64566761,37.657714971,https://data.mos.ru/opendata/1135,"Учебно-консультационный пункт по ГО и ЧС. график: вт 15:00-17:00, чт 15:00-17:00"
Москва,Юго-Восточный административный округ,Южнопортовый район,Учебно-консультационный пункт по гражданской обороне и чрезвычайным ситуациям района Южнопортовый,"Государственное бюджетное учреждение «Жилищник района Южнопортовый» (участок № 2, инженерная служба района Южнопортовый)",ukp,"город Москва, улица Шарикоподшипниковская, дом 24",(499) 653-65-74,info@gbu-uport.ru,,55.717688107,37.675211603,https://data.mos.ru/opendata/1135,"Учебно-консультационный пункт по ГО и ЧС. график: вт 15:00-17:00, чт 15:00-17:00"
Москва,Юго-Восточный административный округ,район Текстильщики,Учебно-консультационный пункт по гражданской обороне и чрезвычайным ситуациям района Текстильщики,Государственное бюджетное учреждение «Жилищник района Текстильщики»,ukp,"город Москва, улица Саратовская, дом 3, корпус 1",(495) 225-26-70,Zhilishchnik-Textil@puvao.mos.ru,,55.713923162,37.732309041,https://data.mos.ru/opendata/1135,"Учебно-консультационный пункт по ГО и ЧС. график: вт 15:00-17:00, чт 15:00-17:00"
Москва,Южный административный округ,район Бирюлёво Восточное,Учебно-консультационный пункт по гражданской обороне и чрезвычайным ситуациям района Бирюлево Восточное,Государственное бюджетное учреждение «Жилищник района Бирюлево Восточное»,ukp,"город Москва, улица Липецкая, дом 17, корпус 1",(495) 655-20-64,gobv@rambler.ru,,55.58011714,37.685765755,https://data.mos.ru/opendata/1135,"Учебно-консультационный пункт по ГО и ЧС. график: вт 15:00-17:00, чт 15:00-17:00"
Москва,Южный административный округ,район Бирюлёво Западное,Учебно-консультационный пункт по гражданской обороне и чрезвычайным ситуациям района Бирюлево Западное,Государственное бюджетное учреждение «Жилищник района Бирюлёво Западное»,ukp,"город Москва, улица Булатниковская, дом 3, корпус 2",(495) 384-05-00; (495) 383-44-43; (903) 970-20-42,dez-bz@mail.ru,,55.579138438,37.655717302,https://data.mos.ru/opendata/1135,"Учебно-консультационный пункт по ГО и ЧС. график: вт 15:00-17:00, чт 15:00-17:00"
Москва,Южный административный округ,район Братеево,Учебно-консультационный пункт по гражданской обороне и чрезвычайным ситуациям района Братеево,Государственное бюджетное учреждение «Жилищник района Братеево»,ukp,"город Москва, улица Ключевая, дом 22, корпус 2, кабинет № 13",(495) 342-33-11,gbu_ot@bk.ru; v-s-n@bk.ru,,55.631808181,37.762104894,https://data.mos.ru/opendata/1135,"Учебно-консультационный пункт по ГО и ЧС. график: вт 15:00-17:00, чт 15:00-17:00. Контактный номер телефона (495) 342-33-11, добавочный 2103"
Москва,Южный административный округ,район Нагатино-Садовники,Учебно-консультационный пункт по гражданской обороне и чрезвычайным ситуациям района Нагатино-Садовники,"Государственное бюджетное учреждение «Жилищник района Нагатино-Садовники» (участок 1, ОДС №155)",ukp,"город Москва, улица Академика Миллионщикова, дом 14, корпус 2",(499) 614-81-96,info@gbuns.ru,,55.67003983,37.647667139,https://data.mos.ru/opendata/1135,"Учебно-консультационный пункт по ГО и ЧС. график: вт 15:00-17:00, чт 15:00-17:00"
Москва,Южный административный округ,район Чертаново Северное,Учебно-консультационный пункт по гражданской обороне и чрезвычайным ситуациям района Чертаново Северное,Государственное бюджетное учреждение «Жилищник района Чертаново Северное»,ukp,"город Москва, улица Чертановская, дом 9, корпус 4, строение 2",(495) 981-85-15; (495) 315-50-36,315-50-36@mail.ru,,55.627894629,37.60399377,https://data.mos.ru/opendata/1135,"Учебно-консультационный пункт по ГО и ЧС. график: вт 15:00-17:00, чт 15:00-17:00"
Москва,Южный административный округ,район Чертаново Южное,Учебно-консультационный пункт по гражданской обороне и чрезвычайным ситуациям района Чертаново Южное,Государственное бюджетное учреждение «Жилищник района Чертаново Южное»,ukp,"город Москва, Варшавское шоссе, дом 131, корпус 4",(495) 389-47-09; (925) 471-35-10,chu-zhil@yandex.ru,,55.60441334,37.615258814,https://data.mos.ru/opendata/1135,"Учебно-консультационный пункт по ГО и ЧС. график: вт 15:00-17:00, чт 15:00-17:00. Телефон: (495)389-47-09, доб. 401"
Москва,Южный административный округ,район Чертаново Центральное,Учебно-консультационный пункт по гражданской обороне и чрезвычайным ситуациям района Чертаново Центральное,Государственное бюджетное учреждение «Жилищник района Чертаново Центральное»,ukp,"город Москва, улица Чертановская, дом 42, корпус 3",(495) 313-30-65,gbuchc@mail.ru,,55.611190934,37.58935492,https://data.mos.ru/opendata/1135,"Учебно-консультационный пункт по ГО и ЧС. график: вт 15:00-17:00, чт 15:00-17:00"
Москва,Юго-Западный административный округ,Академический район,Учебно-консультационный пункт по гражданской обороне и чрезвычайным ситуациям района Академический,"Государственное бюджетное учреждение «Жилищник района Академический» (Объединённая диспетчерская служба, отдельный вход с улицы Новочерёмушкинская)",ukp,"Новочерёмушкинская улица, дом 20/23",(916) 093-33-59,gbu-akadem@uzao.mos.ru,,55.682052077,37.578596197,https://data.mos.ru/opendata/1135,"Учебно-консультационный пункт по ГО и ЧС. график: вт 09:00-12:00, чт 14:00-17:00"
Москва,Юго-Западный административный округ,Гагаринский район,Учебно-консультационный пункт по гражданской обороне и чрезвычайным ситуациям района Гагаринский,"Государственное бюджетное учреждение «Жилищник района Гагаринский» (4 участок, вход между 14 и 15 подъездами)",ukp,"город Москва, Ленинский проспект, дом 66",(900) 656-65-71,info@gbu-gagarin.ru,,55.690687004,37.548679569,https://data.mos.ru/opendata/1135,"Учебно-консультационный пункт по ГО и ЧС. график: вт 14:00-17:00, чт 14:00-17:00"
Москва,Юго-Западный административный округ,район Котловка,Учебно-консультационный пункт по гражданской обороне и чрезвычайным ситуациям района Котловка,"Государственное бюджетное учреждение «Жилищник района Котловка» ( административное здание, 2-й этаж, помещение 6)",ukp,"город Москва, Севастопольский проспект, дом 51, корпус 5",(915) 013-17-11,GBU-KOTLOVKA@uzao.mos.ru,,55.668089468,37.58617512,https://data.mos.ru/opendata/1135,"Учебно-консультационный пункт по ГО и ЧС. график: пн 08:00-17:00, вт 08:00-17:00, ср 08:00-17:00, чт 08:00-17:00, пт 08:00-15:45"
Москва,Юго-Западный административный округ,Ломоносовский район,Учебно-консультационный пункт по гражданской обороне и чрезвычайным ситуациям района Ломоносовский,"Государственное бюджетное учреждение «Жилищник района Ломоносовский» (1 этаж жилого дома, отдельный вход со стороны Ленинского проспекта)",ukp,"город Москва, улица Академика Пилюгина, дом 16",(901) 761-18-01,zhil_lomo@bk.ru,,55.668458556,37.535343086,https://data.mos.ru/opendata/1135,"Учебно-консультационный пункт по ГО и ЧС. график: пн 08:00-17:00, вт 08:00-17:00, ср 08:00-17:00, чт 08:00-17:00, пт 08:00-15:45"
Москва,Новомосковский административный округ,Филимонковский район,Учебно-консультационный пункт по гражданской обороне и чрезвычайным ситуациям Филимонковского района (поселок Птичное),Управа Филимонковского района,ukp,"город Москва, поселение Первомайское, поселок Птичное, улица Центральная, дом 105",(499) 652-60-96,URFI-bgochs-fil@tinao.mos.ru,,55.521508395,37.217559904,https://data.mos.ru/opendata/1135,"Учебно-консультационный пункт по ГО и ЧС. график: вт 15:00-17:00, чт 15:00-17:00"
Москва,Центральный административный округ,район Замоскворечье,Учебно-консультационный пункт по гражданской обороне и чрезвычайным ситуациям района Замоскворечье,помещение Государственного бюджетного учреждения «Жилищник района Замоскворечье» (вывеска УКП),ukp,"город Москва, улица Татарская, дом 5, строение 2",(495) 230-57-87,gbu-zamoskvorechye@pcao.mos.ru,,55.73445792,37.638927921,https://data.mos.ru/opendata/1135,"Учебно-консультационный пункт по ГО и ЧС. график: вт 14:00-17:00, чт 14:00-17:00"
Москва,Северный административный округ,район Западное Дегунино,Учебно-консультационный пункт по гражданской обороне и чрезвычайным ситуациям района Западное Дегунино,Государственное бюджетное учреждение «Жилищник района Западное Дегунино»,ukp,"город Москва, улица Ангарская, дом 20 корпус 1",(499) 488-99-54,Gbu-zd@pnao.mos.ru,,55.874933009,37.516295111,https://data.mos.ru/opendata/1135,"Учебно-консультационный пункт по ГО и ЧС. график: вт 15:00-17:00, чт 15:00-17:00"
Москва,Северный административный округ,Бескудниковский район,Учебно-консультационный пункт по гражданской обороне и чрезвычайным ситуациям Бескудниковского района,Государственное бюджетное учреждение «Жилищник Бескуднинского района»,ukp,"город Москва, Бескудниковский бульвар, дом 32 А",(499) 487-04-90,aysina2016@yandex.ru,,55.8719212,37.55591002,https://data.mos.ru/opendata/1135,"Учебно-консультационный пункт по ГО и ЧС. график: вт 15:00-17:00, чт 15:00-17:00"
Москва,Северный административный округ,район Восточное Дегунино,Учебно-консультационный пункт по гражданской обороне и чрезвычайным ситуациям района Восточное Дегунино,Государственное бюджетное учреждение «Жилищник района Восточное Дегунино»,ukp,"город Москва, Керамический проезд, дом 57, корпус 3",(499) 900-39-46,gbu-vd@mail.ru,,55.878642625,37.563762669,https://data.mos.ru/opendata/1135,"Учебно-консультационный пункт по ГО и ЧС. график: вт 15:00-17:00, чт 15:00-17:00"
Москва,Северный административный округ,район Коптево,Учебно-консультационный пункт по гражданской обороне и чрезвычайным ситуациям района Коптево,Государственное бюджетное учреждение «Жилищник района Коптево» (ОДС № 5),ukp,"город Москва, 3-й Новомихалковский проезд, дом 4",(499) 153-25-81,1955117@bk.ru,,55.840796895,37.542873576,https://data.mos.ru/opendata/1135,"Учебно-консультационный пункт по ГО и ЧС. график: вт 15:00-17:00, чт 15:00-17:00"
Москва,Северный административный округ,Дмитровский район,Учебно-консультационный пункт по гражданской обороне и чрезвычайным ситуациям Дмитровского района,Государственное бюджетное учреждение «Жилищник Дмитровского района»,ukp,"город Москва, улица Лобненская, дом 15 корпус 1",(916) 265-61-89,TitevaNV@pnao.mos.ru,,55.89097594,37.52699131,https://data.mos.ru/opendata/1135,"Учебно-консультационный пункт по ГО и ЧС. график: вт 15:00-17:00, чт 15:00-17:00"
Москва,Северо-Восточный административный округ,Алтуфьевский район,Учебно-консультационный пункт по гражданской обороне и чрезвычайным ситуациям района Алтуфьевский (Путевой проезд),Государственное бюджетное учреждение «Жилищник Алтуфьевского района» (ОДС),ukp,"город Москва, Путевой проезд, дом 24",(499) 902-22-20,gbu.altuf@mail.ru,,55.874525008,37.573557606,https://data.mos.ru/opendata/1135,"Учебно-консультационный пункт по ГО и ЧС. график: вт 15:00-17:00, чт 15:00-17:00"
Москва,Северо-Западный административный округ,район Куркино,Учебно-консультационный пункт по гражданской обороне и чрезвычайным ситуациям района Куркино,Государственное казенное учреждение «Жилищник района Куркино» (диспетчерская),ukp,"город Москва, улица Соколово-Мещерская, дом 14",(499) 401-99-13,Ob.kurkino@mail.ru,,55.896017127,37.389780121,https://data.mos.ru/opendata/1135,"Учебно-консультационный пункт по ГО и ЧС. график: вт 15:00-17:00, чт 15:00-17:00"
Москва,Северо-Западный административный округ,район Северное Тушино,Учебно-консультационный пункт по гражданской обороне и чрезвычайным ситуациям района Северное Тушино,Государственное бюджетное учреждение «Жилищник района Северное Тушино»,ukp,"город Москва, улица Героев Панфиловцев, дом 3, строение 1",(495) 948-74-02,gbu-stushino@mail.ru,,55.853876558,37.436928721,https://data.mos.ru/opendata/1135,"Учебно-консультационный пункт по ГО и ЧС. график: вт 15:00-17:00, чт 15:00-17:00"
Москва,Северо-Западный административный округ,район Южное Тушино,Учебно-консультационный пункт по гражданской обороне и чрезвычайным ситуациям района Южное Тушино,"ГБУ Жилищник района Южное Тушино, филиал",ukp,"город Москва, улица Фабрициуса, дом 9",(499) 492-11-12,gochsgbu@mail.ru,,55.842968436,37.441919107,https://data.mos.ru/opendata/1135,"Учебно-консультационный пункт по ГО и ЧС. график: вт 15:00-17:00, чт 15:00-17:00"
Москва,Троицкий административный округ,район Троицк,Учебно-консультационный уголок по гражданской обороне и чрезвычайным ситуациям района Троицк (Сиреневый бульвар),Управляющая компания ООО «Троицкжилсервис»,ukp,"город Троицк, улица Сиреневый бульвар, дом 10",(495) 851-20-43,ooo_tgs@mail.ru,,55.472148447,37.296478164,https://data.mos.ru/opendata/1135,"Учебно-консультационный пункт по ГО и ЧС. график: пн 10:00-17:00, вт 10:00-17:00, ср 10:00-17:00, чт 10:00-17:00, пт 10:00-17:00"
Москва,Юго-Западный административный округ,Обручевский район,Учебно-консультационный пункт по гражданской обороне и чрезвычайным ситуациям района Обручевский,"Государственное бюджетное учреждение «Жилищник района Обручевский» (ЕДДС, вход со стороны улицы Новаторов)",ukp,"город Москва, улица Новаторов, дом 6",(905) 947-87-61,gbu-obruch@uzao.mos.ru,,55.668560205,37.523320819,https://data.mos.ru/opendata/1135,"Учебно-консультационный пункт по ГО и ЧС. график: пн 08:00-17:00, вт 08:00-17:00, ср 08:00-17:00, чт 08:00-17:00, пт 08:00-15:45"
Москва,Юго-Западный административный округ,район Северное Бутово,Учебно-консультационный пункт по гражданской обороне и чрезвычайным ситуациям района Северное Бутово,"Государственное бюджетное учреждение «Жилищник района Северное Бутово» (вход с южного торца здания, 1-й этаж)",ukp,"город Москва, улица Грина, дом 1 корпус 2",(495) 711-18-18,gbusb@uzao.mos.ru,,55.562121204,37.582444984,https://data.mos.ru/opendata/1135,"Учебно-консультационный пункт по ГО и ЧС. график: пн 08:00-17:00, вт 08:00-17:00, ср 08:00-17:00, чт 08:00-17:00, пт 08:00-15:45"
Москва,Юго-Западный административный округ,район Черёмушки,Учебно-консультационный пункт по гражданской обороне и чрезвычайным ситуациям района Черемушки,"Государственное бюджетное учреждение «Жилищник района Черёмушки» (ОДС 1084, 1-й этаж, вход со стороны сквера)",ukp,"город Москва, улица Новочерёмушкинская, дом 50",(915) 034-14-10,gbucherem@uzao.mos.ru,,55.670750227,37.566390824,https://data.mos.ru/opendata/1135,"Учебно-консультационный пункт по ГО и ЧС. график: пн 08:00-17:00, вт 08:00-17:00, ср 08:00-17:00, чт 08:00-17:00, пт 08:00-15:45"
Москва,Юго-Западный административный округ,район Ясенево,Учебно-консультационный пункт по гражданской обороне и чрезвычайным ситуациям района Ясенево,Управа района Ясенево города Москвы,ukp,"город Москва, улица Паустовского, дом 8, корпус 1",(926) 754-09-59,UZAO-yasenevo@mos.ru,,55.599108439,37.538355812,https://data.mos.ru/opendata/1135,"Учебно-консультационный пункт по ГО и ЧС. график: пн 08:00-17:00, вт 08:00-17:00, ср 08:00-17:00, чт 08:00-17:00, пт 08:00-15:45"
Москва,Западный административный округ,Можайский район,Учебно-консультационный пункт по гражданской обороне и чрезвычайным ситуациям района Можайский,Государственное бюджетное учреждение «Жилищник района Можайский» (участок № 5),ukp,"город Москва, улица Барвихинская, дом 16, корпус 1",(909) 959-46-26,gbu_mozh@pzao.mos.ru,,55.719983312,37.388383407,https://data.mos.ru/opendata/1135,"Учебно-консультационный пункт по ГО и ЧС. график: вт 15:00-17:00, чт 15:00-17:00"
Москва,Северо-Восточный административный округ,Бабушкинский район,Учебно-консультационный пункт по гражданской обороне и чрезвычайным ситуациям района Бабушкинский (улица Менжинского),Государственное бюджетное учреждение «Жилищник Бабушкинского района» (вывеска УКП),ukp,"город Москва, улица Менжинского, дом 23, корпус 1, 2 этаж",(495) 276-49-42,gbu_bsh@mail.ru,,55.869758473,37.660437363,https://data.mos.ru/opendata/1135,"Учебно-консультационный пункт по ГО и ЧС. график: вт 15:00-17:00, чт 15:00-17:00. Контактный номер телефона 8-495-276-49-42, добавочный 7"
Москва,Северо-Восточный административный округ,район Бибирево,Учебно-консультационный пункт по гражданской обороне и чрезвычайным ситуациям района Бибирево (улица Пришвина),Управа района Бибирево,ukp,"город Москва, улица Пришвина, дом 12, корпус 2",(499) 901-11-10; (495) 533-00-22; (903) 700-85-39,gbu_bibirevo@bk.ru; eduard.grigoryan@list.ru,,55.887567817,37.597506076,https://data.mos.ru/opendata/1135,"Учебно-консультационный пункт по ГО и ЧС. график: вт 15:00-17:00, чт 15:00-17:00"
Москва,Троицкий административный округ,район Троицк,Учебно-консультационный уголок по гражданской обороне и чрезвычайным ситуациям района Троицк (микрорайон «В»),Управляющая компания ООО «ЖЭК Комфорт»,ukp,"город Троицк, микрорайон «В», дом 57",(495) 851-09-44,dvbishovec@mail.ru,,55.48736969,37.300401539,https://data.mos.ru/opendata/1135,"Учебно-консультационный пункт по ГО и ЧС. график: пн 10:00-17:00, вт 10:00-17:00, ср 10:00-17:00, чт 10:00-17:00, пт 10:00-17:00"
Москва,Западный административный округ,район Филёвский Парк,Учебно-консультационный пункт по гражданской обороне и чрезвычайным ситуациям района Филёвский парк,Государственное бюджетное учреждение «Жилищник района Филёвский Парк»,ukp,"город Москва, улица Новозаводская, дом 23/8, корпус 2",(903) 116-83-81; (495) 790-21-35,info@gbu-fp.ru,,55.752602209,37.502142707,https://data.mos.ru/opendata/1135,"Учебно-консультационный пункт по ГО и ЧС. график: вт 15:00-17:00, чт 15:00-17:00. (495) 790-21-35, доб. 6013"
Москва,Северо-Восточный административный округ,район Северный,Учебно-консультационный пункт по гражданской обороне и чрезвычайным ситуациям района Северный (Челобитьевское шоссе),Государственное бюджетное учреждение «Жилищник района Северный» (ОДС),ukp,"город Москва, Челобитьевское шоссе, дом 10, корпус 1",(495) 984-39-08,sever-ros@mail.ru,,55.913895652,37.552150047,https://data.mos.ru/opendata/1135,"Учебно-консультационный пункт по ГО и ЧС. график: вт 15:00-17:00, чт 15:00-17:00. телефон: (495) 984-39-08 доб. 306"
Москва,Восточный административный округ,район Восточный,Учебно-консультационный пункт по гражданской обороне и чрезвычайным ситуациям района Восточный,Государственное бюджетное учреждение «Жилищник района Восточный»,ukp,"город Москва, улица 9 Мая, дом 28",(910) 481-53-33; (906) 799-87-86,29may74@mail.ru,,55.817561512,37.875251174,https://data.mos.ru/opendata/1135,"Учебно-консультационный пункт по ГО и ЧС. график: вт 15:00-17:00, чт 15:00-17:00"
Москва,Восточный административный округ,район Метрогородок,Учебно-консультационный пункт по гражданской обороне и чрезвычайным ситуациям района Метрогородок,Государственное бюджетное учреждение «Жилищник района Метрогородок»,ukp,"город Москва, Открытое шоссе, дом 19, корпус 6",(927) 027-54-79,ChepurinAA@pvao.mos.ru,,55.824935856,37.750268159,https://data.mos.ru/opendata/1135,"Учебно-консультационный пункт по ГО и ЧС. график: вт 15:00-17:00, чт 15:00-17:00"
Москва,Восточный административный округ,район Новокосино,Учебно-консультационный пункт по гражданской обороне и чрезвычайным ситуациям района Новокосино,Государственное бюджетное учреждение «Жилищник района Новокосино»,ukp,"город Москва, улица Новокосинская, дом 14, корпус 1",(901) 761-18-01,solo8187@yandex.ru,,55.737018183,37.858484559,https://data.mos.ru/opendata/1135,"Учебно-консультационный пункт по ГО и ЧС. график: вт 15:00-17:00, чт 15:00-17:00. телефон: 8 (495) 701-07-35 доб. 1616"
Москва,Восточный административный округ,район Соколиная Гора,Учебно-консультационный пункт по гражданской обороне и чрезвычайным ситуациям района Соколиная гора,"Государственное бюджетное учреждение «Жилищник района Соколиная гора» (подвальное помещение, вывеска УКП)",ukp,"город Москва, улица Уткина, дом 40А",(962) 639-55-18; (933) 777-07-67,MoshkhoevTA@pvao.mos.ru,,55.763883359,37.744805703,https://data.mos.ru/opendata/1135,"Учебно-консультационный пункт по ГО и ЧС. график: вт 15:00-17:00, чт 15:00-17:00"
Москва,Восточный административный округ,район Сокольники,Учебно-консультационный пункт по гражданской обороне и чрезвычайным ситуациям района Сокольники,"Государственное бюджетное учреждение «Жилищник района Сокольники» (подвальное помещение, вывеска УКП)",ukp,"город Москва, улица Стромынка, дом 3",(903) 210-80-32,svk63@bk.ru,,55.790648931,37.683166533,https://data.mos.ru/opendata/1135,"Учебно-консультационный пункт по ГО и ЧС. график: вт 15:00-17:00, чт 15:00-17:00"
Москва,Юго-Восточный административный округ,Нижегородский район,Учебно-консультационный пункт по гражданской обороне и чрезвычайным ситуациям района Нижегородский,Государственное бюджетное учреждение «Жилищник Нижегородского района»,ukp,"город Москва, 2-й Карачаровский проезд, дом 2",(495) 671-62-63,dez_nizegor@mail.ru,,55.73098754,37.71668272,https://data.mos.ru/opendata/1135,"Учебно-консультационный пункт по ГО и ЧС. график: вт 15:00-17:00, чт 15:00-17:00"
Москва,Юго-Восточный административный округ,район Некрасовка,Учебно-консультационный пункт по гражданской обороне и чрезвычайным ситуациям района Некрасовка,Государственное бюджетное учреждение «Жилищник района Некрасовка»,ukp,"город Москва, улица Некрасовская, дом 7",(499) 746-73-81,dir_nekrasovka@mail.ru,,55.681155221,37.92474997,https://data.mos.ru/opendata/1135,"Учебно-консультационный пункт по ГО и ЧС. график: вт 15:00-17:00, чт 15:00-17:00"
Москва,Южный административный округ,район Орехово-Борисово Южное,Учебно-консультационный пункт по гражданской обороне и чрезвычайным ситуациям района Орехово-Борисово Южное,Государственное бюджетное учреждение «Жилищник района Орехово-Борисово Южное» (ОДС № 484),ukp,"город Москва, Гурьевский проезд, дом 23, корпус 3, этаж 2",(926) 106-77-73,gbuobu@mail.ru,,55.607963559,37.753285543,https://data.mos.ru/opendata/1135,"Учебно-консультационный пункт по ГО и ЧС. график: вт 15:00-17:00, чт 15:00-17:00"
Москва,Южный административный округ,район Зябликово,Учебно-консультационный пункт по гражданской обороне и чрезвычайным ситуациям района Зябликово,ГБУ Жилищник района «Зябликово»,ukp,"город Москва, ул.Шипиловская,д.60,к.1, подъезд № 3",(905) 723-46-26; (926) 971-45-86,gbu-go@mail.ru,,55.621683326,37.747312072,https://data.mos.ru/opendata/1135,"Учебно-консультационный пункт по ГО и ЧС. график: вт 15:00-17:00, чт 15:00-17:00. г. Москва, ул.Шипиловская, д.60, к.1, подьезд 3,1 этаж"
Москва,Юго-Западный административный округ,район Зюзино,Учебно-консультационный пункт по гражданской обороне и чрезвычайным ситуациям района Зюзино,"Государственное бюджетное учреждение «Жилищник района Зюзино» (6 участок, 1-й этаж административного здания, 1-й подъезд)",ukp,"город Москва, улица Фруктовая, дом 18",(926) 448-45-40,gbuzuzino@mail.ru,,55.662208866,37.607997649,https://data.mos.ru/opendata/1135,"Учебно-консультационный пункт по ГО и ЧС. график: пн 08:00-17:00, вт 08:00-17:00, ср 08:00-17:00, чт 08:00-17:00, пт 08:00-15:45"
Москва,Юго-Западный административный округ,район Коньково,Учебно-консультационный пункт по гражданской обороне и чрезвычайным ситуациям района Коньково,"Государственное бюджетное учреждение «Жилищник района Коньково» (4 участок, после 4 подъезда дверь у торца здания)",ukp,"город Москва, улица Миклухо-Маклая, дом 38",(916) 261-35-59,gbukonkovo@uzao.mos.ru,,55.638798601,37.536628081,https://data.mos.ru/opendata/1135,"Учебно-консультационный пункт по ГО и ЧС. график: пн 08:00-17:00, вт 08:00-17:00, ср 08:00-17:00, чт 08:00-17:00, пт 08:00-15:45"
Москва,Южный административный округ,Нагорный район,Учебно-консультационный пункт по гражданской обороне и чрезвычайным ситуациям района Нагорный,"Государственное бюджетное учреждение «Жилищник района Нагорный» (инженерная служба, участок № 7)",ukp,"город Москва, Варшавское шоссе, дом 77, корпус 2, этаж 2, кабинет 205",(499) 619-46-35,gbunagornyi@yandex.ru,,55.657663905,37.621293759,https://data.mos.ru/opendata/1135,"Учебно-консультационный пункт по ГО и ЧС. график: вт 15:00-17:00, чт 15:00-17:00"
Москва,Южный административный округ,район Нагатинский Затон,Учебно-консультационный пункт по гражданской обороне и чрезвычайным ситуациям района Нагатинский Затон,"Государственное бюджетное учреждение «Жилищник района Нагатинский Затон» (участок № 5, ОДС № 302)",ukp,"город Москва, Коломенская набережная, дом 6, корпус 2, этаж 1",(499) 617-21-11,gbu-nz@yandex.ru,,55.683684291,37.707148388,https://data.mos.ru/opendata/1135,"Учебно-консультационный пункт по ГО и ЧС. график: вт 15:00-17:00, чт 15:00-17:00"
Москва,Юго-Западный административный округ,район Тёплый Стан,Учебно-консультационный пункт по гражданской обороне и чрезвычайным ситуациям района Теплый стан,"ОДС 629 ГБУ Жилищник района Теплый Стан, отдельных вход с фасада здания, 2 этаж",ukp,"город Москва, улица Тёплый Стан, дом 12, корп. 5",(968) 495-18-60,GBU-TS@uzao.mos.ru,,55.630799574,37.485929901,https://data.mos.ru/opendata/1135,"Учебно-консультационный пункт по ГО и ЧС. график: пн 08:00-17:00, вт 08:00-17:00, ср 08:00-17:00, чт 08:00-17:00, пт 08:00-15:45"
Москва,Западный административный округ,район Раменки,Учебно-консультационный пункт по гражданской обороне и чрезвычайным ситуациям района Раменки,Государственное бюджетное учреждение «Жилищник района Раменки» (участок № 7),ukp,"город Москва, Мичуринский проспект, дом 54, корпус 3",(985) 413-11-10,gburamenki@yandex.ru,,55.694124392,37.487305436,https://data.mos.ru/opendata/1135,"Учебно-консультационный пункт по ГО и ЧС. график: вт 15:00-17:00, чт 15:00-17:00"
Москва,Северный административный округ,район Беговой,Учебно-консультационный пункт по гражданской обороне и чрезвычайным ситуациям района Беговой,Государственное бюджетное учреждение «Жилищник района Беговой»,ukp,"город Москва, улица Расковой, дом 14",(915) 180-62-04,TkachukAV2@pnao.mos.ru,,55.786295137,37.572282998,https://data.mos.ru/opendata/1135,"Учебно-консультационный пункт по ГО и ЧС. график: вт 15:00-17:00, чт 15:00-17:00"
Москва,Северный административный округ,район Ховрино,Учебно-консультационный пункт по гражданской обороне и чрезвычайным ситуациям района Ховрино,Государственное бюджетное учреждение «Жилищник района Ховрино»,ukp,"город Москва, улица Онежская, дом 47",(499) 767-17-93,GOHovrino@yandex.ru,,55.858105812,37.509220147,https://data.mos.ru/opendata/1135,"Учебно-консультационный пункт по ГО и ЧС. график: вт 15:00-17:00, чт 15:00-17:00"
Москва,Центральный административный округ,Пресненский район,Учебно-консультационный пункт по гражданской обороне и чрезвычайным ситуациям района Пресненский,помещение Государственного бюджетного учреждения «Жилищник Пресненского района» (вывеска УКП),ukp,"город Москва, Шмитовский проезд, дом 2,строение 2-3, этаж 2",(499) 579-82-59,zhilichnik.presnya@pcao.mos.ru,,55.760211266,37.556671492,https://data.mos.ru/opendata/1135,"Учебно-консультационный пункт по ГО и ЧС. график: вт 14:00-17:00, чт 14:00-17:00"
Москва,Северный административный округ,Хорошёвский район,Учебно-консультационный пункт по гражданской обороне и чрезвычайным ситуациям Хорошёвского района,Управа Хорошевского района,ukp,"город Москва, Хорошёвское шоссе, дом 84,корпус 3",(499) 195-43-37,sao-hor@mos.ru,,55.779149513,37.519762285,https://data.mos.ru/opendata/1135,"Учебно-консультационный пункт по ГО и ЧС. график: вт 15:00-17:00, чт 15:00-17:00"
Москва,Северо-Восточный административный округ,район Марьина Роща,Учебно-консультационный пункт по гражданской обороне и чрезвычайным ситуациям района Марьина Роща,Управа района Марьина Роща,ukp,"город Москва, 2-я Ямская улица, дом 15",(495) 602-64-67,mrospr@svao.mos.ru,,55.795055702,37.608855241,https://data.mos.ru/opendata/1135,"Учебно-консультационный пункт по ГО и ЧС. график: вт 15:00-17:00, чт 15:00-17:00"
Москва,Северо-Восточный административный округ,Останкинский район,Учебно-консультационный пункт по гражданской обороне и чрезвычайным ситуациям района Останкинский (улица Академика Королева),Государственное бюджетное учреждение «Жилищник Останкинского района» (вывеска УКП),ukp,"город Москва, улица Академика Королева, дом 9, корпус 1, этаж 1",(495) 683-57-13; (495) 616-34-22,ostankino.ukp2@mail.ru,,55.820962809,37.623189107,https://data.mos.ru/opendata/1135,"Учебно-консультационный пункт по ГО и ЧС. график: вт 15:00-17:00, чт 15:00-17:00"
Москва,Западный административный округ,район Кунцево,Учебно-консультационный пункт по гражданской обороне и чрезвычайным ситуациям района Кунцево,Государственное бюджетное учреждение «Жилищник района Кунцево» (участок № 1),ukp,"город Москва, улица Ельнинская, дом 20, корпус 2",(495) 630-34-52; (985) 369-20-38,grk@gbu-kuntsevo.ru,,55.739670998,37.421690365,https://data.mos.ru/opendata/1135,"Учебно-консультационный пункт по ГО и ЧС. график: вт 15:00-17:00, чт 15:00-17:00"
Москва,Северо-Западный административный округ,район Хорошёво-Мнёвники,Учебно-консультационный пункт по гражданской обороне и чрезвычайным ситуациям района Хорошево-Мневники,Государственное бюджетное учреждение «Жилищник района Хорошёво-Мнёвники» (РЭУ № 3),ukp,"город Москва, Карамышевская набережная, дом 50",(499) 191-40-86,info@dez-hm.ru,,55.7734615,37.462403086,https://data.mos.ru/opendata/1135,"Учебно-консультационный пункт по ГО и ЧС. график: вт 15:00-17:00, чт 15:00-17:00. Телефон (499) 191-40-86 доб. 252"
Москва,Новомосковский административный округ,район Внуково,Учебно-консультационный пункт по гражданской обороне и чрезвычайным ситуациям района Внуково (поселение Внуковское),Государственное бюджетное учреждение «Жилищник района Внуково»,ukp,"город Москва, поселение Внуковское, поселок Минвнешторга, ул. Новая дом 30, помещение 2",(495) 736-13-53,gbu-vnukovo@tinao.mos.ru,,55.634611625,37.258308127,https://data.mos.ru/opendata/1135,"Учебно-консультационный пункт по ГО и ЧС. график: вт 10:00-12:00, чт 10:00-12:00"
Москва,Новомосковский административный округ,район Коммунарка,Учебно-консультационный пункт по гражданской обороне и чрезвычайным ситуациям района Коммунарка (поселение Воскресенское),Управа района Коммунарка города Москвы,ukp,"г. Москва, поселение Воскресенское, поселок Воскресенское, дом 28а ",(495) 620-20-00,uprava-kommunarka@mos.ru,,55.529820335,37.444623741,https://data.mos.ru/opendata/1135,"Учебно-консультационный пункт по ГО и ЧС. график: вт 15:00-17:00, чт 15:00-17:00. телефон для связи (495) 620-20-00, доб. 29955"
Москва,Новомосковский административный округ,район Бекасово,Учебно-консультационный пункт по гражданской обороне и чрезвычайным ситуациям района Бекасово (поселение Киевский),Управа района Бекасово,ukp,"город Москва, поселение Киевский, рабочий поселок Киевский, дом 24",(495) 620-20-00,uprava-bekasovo@mos.ru,,55.431373201,36.867143407,https://data.mos.ru/opendata/1135,"Учебно-консультационный пункт по ГО и ЧС. график: вт 15:00-17:00, чт 15:00-17:00. телефон для связи 8(495) 620-20-00, доб. 20390"
Москва,Троицкий административный округ,район Вороново,Учебно-консультационный пункт по гражданской обороне и чрезвычайным ситуациям района Вороново (поселение Кленовское),Управа района Вороново,ukp,"город Москва, поселение Кленовское, село Кленово, улица Центральная, строение 8",(495) 850-74-44,uprava-voronovo@mos.ru,,55.323604252,37.351107387,https://data.mos.ru/opendata/1135,"Учебно-консультационный пункт по ГО и ЧС. график: вт 15:00-17:00, чт 15:00-17:00"
Москва,Троицкий административный округ,Краснопахорский район,Учебно-консультационный пункт по гражданской обороне и чрезвычайным ситуациям Краснопахорского района (поселение Краснопахарское),Муниципальное бюджетное учреждение культуры «Дом культуры «Звездный»,ukp,"город Москва, поселение Краснопахорское, село Красная Пахра, улица Заводская, дом 20",(926) 665-94-65; (985) 256-29-46; (916) 832-82-20,NedyudinAA@tinao.mos.ru; BytaSV@mos.ru; SeyfudinovRA@tinao.mos.ru,,55.43111522,37.273861077,https://data.mos.ru/opendata/1135,"Учебно-консультационный пункт по ГО и ЧС. график: вт 15:00-17:00, чт 15:00-17:00"
Москва,Новомосковский административный округ,район Внуково,Учебно-консультационный пункт по гражданской обороне и чрезвычайным ситуациям района Внуково (поселение Марушкинское),ГБУ «Жилищник района Внуково»,ukp,"город Москва, поселение Марушкинское, деревня Марушкино, улица Липовая аллея, дом 5",(495) 736-13-53,gbu-vnukovo@tinao.mos.ru,,55.595688981,37.208065565,https://data.mos.ru/opendata/1135,"Учебно-консультационный пункт по ГО и ЧС. график: пн 10:00-12:00, ср 10:00-12:00. Телефон для связи: (495) 845-85-31, добавочный номер 9"
Москва,Троицкий административный округ,Краснопахорский район,Учебно-консультационный уголок по гражданской обороне и чрезвычайным ситуациям Краснопахорского района (поселение Михайлово-Ярцевское),Здание ГБУ «Управление нежилым фондом ТиНАО»,ukp,"город Москва, поселение  Михайлово-Ярцевское, поселок Шишкин лес, строение 41",(926) 665-94-65; (985) 256-29-46; (916) 832-82-20,NedyudinAA@tinao.mos.ru; BytaSV@mos.ru; SeyfudinovRA@tinao.mos.ru,,55.409131698,37.18787251,https://data.mos.ru/opendata/1135,"Учебно-консультационный пункт по ГО и ЧС. график: вт 15:00-17:00, чт 15:00-17:00. Уголок"
Москва,Новомосковский административный округ,Филимонковский район,Учебно-консультационный пункт по гражданской обороне и чрезвычайным ситуациям Филимонковского района (поселение Московский),Управа Филимонковского района,ukp,"город Москва, поселение Московский, город Московский, дом 19А",(499) 652-60-96,URFI-bgochs-fil@tinao.mos.ru,,55.602020235,37.347439415,https://data.mos.ru/opendata/1135,"Учебно-консультационный пункт по ГО и ЧС. график: вт 15:00-17:00, чт 15:00-17:00"
Москва,Новомосковский административный округ,район Коммунарка,Учебно-консультационный пункт по гражданской обороне и чрезвычайным ситуациям района Коммунарка (поселение Мосрентген),Управа района Коммунарка,ukp,"г. Москва, поселение «Мосрентген», посёлок завода Мосрентген, дом 41 ",(495) 620-20-00,uprava-kommunarka@mos.ru,,55.621765065,37.476470967,https://data.mos.ru/opendata/1135,"Учебно-консультационный пункт по ГО и ЧС. график: чт 09:00-12:00. Временно не работает, проводится плановый капитальный ремонт помещения УКП
телефон для связи (495) 620-20-00, доб. 29955"
Москва,Троицкий административный округ,район Троицк,Учебно-консультационный уголок по гражданской обороне и чрезвычайным ситуациям района Троицк (город Троицк),Управляющая компания АО «Троицкая коммунальная служба»,ukp,"город Троицк, Академическая площадь, дом 3",(495) 840-68-55,tks_2010@mail.ru,,55.48522888,37.30348071,https://data.mos.ru/opendata/1135,"Учебно-консультационный пункт по ГО и ЧС. график: пн 10:00-17:00, вт 10:00-17:00, ср 10:00-17:00, чт 10:00-17:00, пт 10:00-17:00"
Москва,Новомосковский административный округ,Филимонковский район,Учебно-консультационный пункт по гражданской обороне и чрезвычайным ситуациям Филимонковского района (поселок Марьино),Управа Филимонковского района,ukp,"город Москва, поселение Филимонковское, квартал 40А, д. 1, с. 1",(499) 652-60-96,URFI-bgochs-fil@tinao.mos.ru,,55.57219817,37.292733384,https://data.mos.ru/opendata/1135,"Учебно-консультационный пункт по ГО и ЧС. график: вт 15:00-17:00, чт 15:00-17:00. Уголок"
Москва,Восточный административный округ,район Гольяново,Учебно-консультационный пункт по гражданской обороне и чрезвычайным ситуациям района Гольяново,Государственное бюджетное учреждение «Жилищник района Гольяново» (вывеска УКП),ukp,"город Москва, улица Уссурийская, дом 1, корпус 5, этаж 1",(495) 469-82-81; (929) 671-44-08,guisgol@yandex.ru,,55.823837214,37.810685368,https://data.mos.ru/opendata/1135,"Учебно-консультационный пункт по ГО и ЧС. график: вт 15:00-17:00, чт 15:00-17:00"
Москва,Зеленоградский административный округ,район Крюково,Учебно-консультационный пункт по гражданской обороне и чрезвычайным ситуациям района Крюково,Государственное бюджетное учреждение «Жилищник Зеленоградского АО»,ukp,"город Москва, город Зеленоград, корпус 1559",(903) 612-92-97,krukovo@mos.ru,,55.981976903,37.15774528,https://data.mos.ru/opendata/1135,"Учебно-консультационный пункт по ГО и ЧС. график: вт 14:00-17:00, чт 14:00-17:00"
Москва,Зеленоградский административный округ,район Матушкино,Учебно-консультационный пункт по гражданской обороне и чрезвычайным ситуациям района Матушкино,Управа района Матушкино,ukp,"город Москва, город Зеленоград, корпус 129",(925) 023-29-46,matushkino@mos.ru,,56.00354967,37.209453213,https://data.mos.ru/opendata/1135,"Учебно-консультационный пункт по ГО и ЧС. график: вт 14:00-17:00, чт 14:00-17:00"
Москва,Зеленоградский административный округ,район Савёлки,Учебно-консультационный пункт по гражданской обороне и чрезвычайным ситуациям района Савёлки,Государственное бюджетное учреждение «Жилищник Зеленоградского АО»,ukp,"город Москва, город Зеленоград, корпус 617",(925) 001-19-33,zelao-savelki@mos.ru,,55.988523198,37.233975034,https://data.mos.ru/opendata/1135,"Учебно-консультационный пункт по ГО и ЧС. график: вт 14:00-17:00, чт 14:00-17:00"
Москва,Зеленоградский административный округ,район Силино,Учебно-консультационный пункт по гражданской обороне и чрезвычайным ситуациям района Силино,Управа района Силино,ukp,"город Москва, город Зеленоград, корпус 1123",(985) 890-01-87,silinozelao@mos.ru,,55.99605564,37.176375657,https://data.mos.ru/opendata/1135,"Учебно-консультационный пункт по ГО и ЧС. график: вт 14:00-17:00, чт 14:00-17:00"
Москва,Зеленоградский административный округ,район Старое Крюково,Учебно-консультационный пункт по гражданской обороне и чрезвычайным ситуациям района Старое Крюково,Государственное бюджетное учреждение «Жилищник Зеленоградского АО»,ukp,"город Москва, город Зеленоград, корпус 815",(925) 023-07-48,uprsk@mos.ru,,55.975598271,37.188297383,https://data.mos.ru/opendata/1135,"Учебно-консультационный пункт по ГО и ЧС. график: вт 14:00-17:00, чт 14:00-17:00"
Москва,Новомосковский административный округ,район Бекасово,Учебно-консультационный пункт по гражданской обороне и чрезвычайным ситуациям района Бекасово (поселение Новофедоровское),ГБУ Жилищник района Бекасово,ukp,"город Москва, поселение Новофедоровское, деревня Яковлевское, дом 31",(495) 620-20-00,uprava-bekasovo@mos.ru,,55.464590443,36.944385737,https://data.mos.ru/opendata/1135,"Учебно-консультационный пункт по ГО и ЧС. график: вт 15:00-17:00, чт 15:00-17:00. телефон для связи 8(495) 620-20-00, доб. 30113"
Москва,Западный административный округ,район Крылатское,Учебно-консультационный пункт по гражданской обороне и чрезвычайным ситуациям района Крылатское,Государственное бюджетное учреждение «Жилищник района Крылатское»,ukp,"город Москва, улица Крылатские Холмы, дом 27, корпус 1",(926) 626-30-35,dez-krylatskoe@mail.ru,,55.756412597,37.416440985,https://data.mos.ru/opendata/1135,"Учебно-консультационный пункт по ГО и ЧС. график: вт 15:00-17:00, чт 15:00-17:00"
Москва,Северо-Восточный административный округ,район Свиблово,"Учебно-консультационный пункт по гражданской обороне и чрезвычайным ситуациям района Свиблово (улица Седова, дом 8к1)",Государственное бюджетное учреждение «Жилищник района Свиблово» (ОДС),ukp,"город Москва, улица Седова, дом 8, корпус 1",(499) 180-01-64; (495) 471-28-86,gbusviblovo@mail.ru,,55.852639657,37.640042295,https://data.mos.ru/opendata/1135,"Учебно-консультационный пункт по ГО и ЧС. график: вт 15:00-17:00, чт 15:00-17:00"
Москва,Троицкий административный округ,район Троицк,Учебно-консультационный пункт по гражданской обороне и чрезвычайным ситуациям района Троицк,Управа района Троицк,ukp,"город Троицк, улица Юбилейная, дом 3, комната 21",(499) 652-60-99,SerebrennikovKE@tinao.mos.ru,,55.473037042,37.301352527,https://data.mos.ru/opendata/1135,"Учебно-консультационный пункт по ГО и ЧС. график: вт 15:00-17:00, чт 15:00-17:00"
Москва,Северный административный округ,район Левобережный,Учебно-консультационный пункт по гражданской обороне и чрезвычайным ситуациям района Левобережный,Управа района Левобережный города Москвы,ukp,"город Москва, улица Флотская, дом 1",(495) 456-07-81,sao-levober@mos.ru,,55.851014117,37.480028229,https://data.mos.ru/opendata/1135,"Учебно-консультационный пункт по ГО и ЧС. график: вт 15:00-17:00, чт 15:00-17:00. Мобильный УКП. График работы по согласованию"
Москва,Новомосковский административный округ,район Щербинка,Учебно-консультационный пункт по гражданской обороне и чрезвычайным ситуациям района Щербинка (город Щербинка),Управа района Щербинка,ukp,"город Москва, городской округ Щербинка, улица Юбилейная, дом 3",(495) 620-20-00,uprava-sherbinka@mos.ru,,55.508164491,37.564951602,https://data.mos.ru/opendata/1135,"Учебно-консультационный пункт по ГО и ЧС. график: вт 15:00-17:00, чт 15:00-17:00. (499) 620-20-00, доб. 18369"
Москва,Северо-Восточный административный округ,район Ростокино,Учебно-консультационный пункт по гражданской обороне и чрезвычайным ситуациям района Ростокино,ГБУ «Жилищник района Ростокино» (вывеска УКП),ukp,"город Москва, Будайский проезд, дом 3, этаж 1",(499) 187-99-86,rostokino@svao.mos.ru,,55.835174538,37.665692665,https://data.mos.ru/opendata/1135,"Учебно-консультационный пункт по ГО и ЧС. график: вт 15:00-17:00, чт 15:00-17:00"
Москва,Восточный административный округ,район Измайлово,Учебно-консультационный пункт по гражданской обороне и чрезвычайным ситуациям района Измайлово,Государственное бюджетное учреждение «Жилищник района Измайлово» (вывеска УКП),ukp,"город Москва, Измайловский бульвар, дом 12",(910) 005-07-01,EfanovAA@mos.ru,,55.796224882,37.787777216,https://data.mos.ru/opendata/1135,"Учебно-консультационный пункт по ГО и ЧС. график: вт 15:00-17:00, чт 15:00-17:00"
Москва,Троицкий административный округ,район Вороново,Учебно-консультационный пункт по гражданской обороне и чрезвычайным ситуациям района Вороново (поселение Вороновское),Управа района Вороново,ukp,"город Москва, поселение Вороновское, село Вороново, дом 31, строение 1",(495) 850-74-44,uprava-voronovo@mos.ru,,55.319160107,37.160031015,https://data.mos.ru/opendata/1135,"Учебно-консультационный пункт по ГО и ЧС. график: вт 15:00-17:00, чт 15:00-17:00"
Москва,Троицкий административный округ,Краснопахорский район,Учебно-консультационный пункт по гражданской обороне и чрезвычайным ситуациям Краснопахорского района (поселение Щаповское),Здание ГБУ «Жилищник Краснопахорского района»,ukp,"город Москва, район Краснопахорский, поселок Курилово, улица Центральная, дом 17А ",(926) 665-94-65; (985) 256-29-46; (916) 832-82-20,NedyudinAA@tinao.mos.ru; BytaSV@mos.ru; SeyfudinovRA@tinao.mos.ru,,55.37372703,37.375533936,https://data.mos.ru/opendata/1135,"Учебно-консультационный пункт по ГО и ЧС. график: вт 15:00-17:00, чт 15:00-17:00. Временно не работает, проводится плановый капитальный ремонт помещения УКП"
Москва,Северный административный округ,район Левобережный,Мобильный Учебно-консультационный пункт по гражданской обороне и чрезвычайным ситуациям района Левобережный г. Москвы,Территория Управы района Левобережный,ukp,"город Москва, улица Флотская, дом 1 (мобильное УКП)",(495) 456-15-50,sao-levober@mos.ru,,55.851267175,37.479528101,https://data.mos.ru/opendata/1135,Учебно-консультационный пункт по ГО и ЧС. график работы по согласованию
Москва,Северо-Западный административный округ,район Покровское-Стрешнево,"Учебно-консультационный пункт по гражданской обороне и чрезвычайным ситуациям района
Покровское-Стрешнево",Государственное бюджетное учреждение «Жилищник района Покровское-Стрешнево» (1 этаж многоквартирного дома),ukp,"город Москва, улица Свободы, дом 15/10",(499) 492-29-36,guispokrovka@yandex.ru,,55.830350118,37.452503626,https://data.mos.ru/opendata/1135,"Учебно-консультационный пункт по ГО и ЧС. график: вт 15:00-17:00, чт 15:00-17:00"
Москва,Северо-Восточный административный округ,район Северное Медведково,Учебно-консультационный пункт по гражданской обороне и чрезвычайным ситуациям района Северное Медведково,ОДС ГБУ Жилищник района Северное Медведково города Москвы,ukp,г. Москва ул. Грекова д. 9,(495) 656-98-51,gbu-sevmed@svao.mos.ru,,55.891387697,37.659578027,https://data.mos.ru/opendata/1135,"Учебно-консультационный пункт по ГО и ЧС. график: вт 15:00-17:00, чт 15:00-17:00"
Москва,Новомосковский административный округ,район Внуково,Учебно-консультационный пункт по гражданской обороне и чрезвычайным ситуациям района Внуково (поселок Внуково),Государственное бюджетное учреждение «Жилищник района Внуково»,ukp,"г. Москва, поселок Внуково, ул. Аэрофлотская, дом 2/5",(495) 736-13-53,gbu-vnukovo@tinao.mos.ru,,55.610521067,37.290208606,https://data.mos.ru/opendata/1135,"Учебно-консультационный пункт по ГО и ЧС. график: вт 15:00-17:00, чт 15:00-17:00"
Москва,Новомосковский административный округ,район Щербинка,Учебно-консультационный пункт по гражданской обороне и чрезвычайным ситуациям района Щербинка (поселок Ерино),Автономная некомерческая организация «Патриотический центр «Боевое братство»,ukp,"г. Щербинка, п. Ерино, ул. Высокая, д. 2",(495) 867-00-53,BudanovAM1@tinao.mos.ru,,55.448641243,37.521635204,https://data.mos.ru/opendata/1135,"Учебно-консультационный пункт по ГО и ЧС. график: вт 15:00-17:00, чт 15:00-17:00. Номер для связи (495) 867-00-53, доб. 148"
Москва,Троицкий административный округ,район Вороново,Учебно-консультационный пункт по гражданской обороне и чрезвычайным ситуациям района Вороново,Управа района Вороново,ukp,"г. Москва, п. Рогово ул. Школьная, 
здание «Выставочного зала истории и краеведения п. Рогово»",(495) 850-74-44,uprava-voronovo@mos.ru,,55.214872491,37.076362371,https://data.mos.ru/opendata/1135,"Учебно-консультационный пункт по ГО и ЧС. график: вт 15:00-17:00, чт 15:00-17:00"
Москва,Троицкий административный округ,район Троицк,Учебно-консультационный пункт по гражданской обороне и чрезвычайным ситуациям района Троицк (3-я Ватутинская),ГБУ «Жилищник района Троицк»,ukp,"г. Троицк, 3-я Ватутинская ул., д.10с1",(910) 436-70-96,SerebrennikovKE@tinao.mos.ru,,55.504935907,37.329573365,https://data.mos.ru/opendata/1135,"Учебно-консультационный пункт по ГО и ЧС. график: вт 15:00-17:00, чт 15:00-17:00. Временно не работает, проводится плановый ремонт помещения УКП"
Санкт-Петербург,,Адмиралтейский район,"Отдел по вопросам законности, правопорядка и безопасности администрации Адмиралтейского района Санкт-Петербурга",,department,"190005, Санкт-Петербург, Измайловский проспект, д. 10",отдел +7 (812) 576-97-42; приёмная +7 (812) 316-25-22,tuadm@gov.spb.ru,https://www.gov.spb.ru/gov/terr/reg_admiral/,,,https://spb.ros-spravka.ru/catalog/administration/Admiralteyskiy_rayon/,"Адрес и email (tuadm@gov.spb.ru) — официальные. Прямой телефон отдела 576-97-42 из агрегаторов (ros-spravka, Zoon); на gov.spb.ru отдельный телефон отдела не опубликован."
Санкт-Петербург,,Василеостровский район,"Отдел по вопросам законности, правопорядка и безопасности администрации Василеостровского района Санкт-Петербурга",,department,"199178, Санкт-Петербург, Большой проспект В.О., д. 55",+7 (812) 321-33-33,tuvo@gov.spb.ru,https://www.gov.spb.ru/gov/terr/reg_vo/,,,https://soglas-proekt.ru/spravka/adresa/rayonnye-administratsii/administratsiya-vasileostrovskogo-rayona/,"Функции ГО/ЧС — за отделом по вопросам законности, правопорядка и безопасности. Телефон отдела 321-33-33 и email tuvo@gov.spb.ru из справочников; прямой телефон отдела на gov.spb.ru отдельно не подтверждён."
Санкт-Петербург,,Выборгский район,"Отдел по вопросам законности, правопорядка и безопасности администрации Выборгского района Санкт-Петербурга",,department,"194100, Санкт-Петербург, Большой Сампсониевский проспект, д. 86",отдел +7 (812) 576-56-83; справочная +7 (812) 576-56-09,tuvyb@gov.spb.ru,https://www.gov.spb.ru/gov/terr/reg_viborg/,,,https://www.gov.spb.ru/gov/terr/reg_viborg/otdel/,Наличие отдела и адрес подтверждены gov.spb.ru. Телефон отдела 576-56-83 из агрегатора Zoon; email tuvyb@gov.spb.ru из справочников. Не путать с Выборгским районом Ленинградской области.
Санкт-Петербург,,Калининский район,"Отдел по вопросам законности, правопорядка и безопасности администрации Калининского района Санкт-Петербурга",,department,"195009, Санкт-Петербург, Арсенальная набережная, д. 13/1 (отдел — ул. Михайлова, д. 9)","+7 (812) 576-99-05; доп. 576-99-33, 576-99-37",tukalin@gov.spb.ru,https://www.gov.spb.ru/gov/terr/reg_kalin/,,,https://soglasov.ru/sprav/adresa/rajonnyie-administraczii/administracziya-kalininskogo-rajona-sankt-peterburga-(spb),"Здание администрации — Арсенальная наб., 13/1; сам отдел по данным 2ГИС/Zoon — ул. Михайлова, д. 9. Телефон 576-99-05 — начальник отдела (агрегаторы). Email tukalin@gov.spb.ru."
Санкт-Петербург,,Кировский район,"Отдел по вопросам законности, правопорядка и безопасности администрации Кировского района Санкт-Петербурга",,department,"198095, Санкт-Петербург, проспект Стачек, д. 18","+7 (812) 576-94-28; доп. 417-60-27, 417-60-84",tukir@gov.spb.ru,https://www.gov.spb.ru/gov/terr/reg_kirovsk/,,,https://www.gov.spb.ru/gov/terr/reg_kirovsk/bezop/,Полностью подтверждено официальными страницами gov.spb.ru (страница района + «Безопасность и правопорядок»): отдел и телефон начальника отдела 576-94-28.
Санкт-Петербург,,Колпинский район,"Отдел по вопросам законности, правопорядка и безопасности администрации Колпинского района Санкт-Петербурга",,department,"196653, Санкт-Петербург, г. Колпино, бульвар Победы, д. 1",отдел +7 (812) 576-96-60; приёмная +7 (812) 576-96-13,tukolp@gov.spb.ru,https://www.gov.spb.ru/gov/terr/reg_kolpino/,,,https://www.orgpage.ru/sankt-peterburg/administratsiya-kolpinskogo-2434756.html,"Юр. адрес — б-р Победы, д. 1 (по ЕГРЮЛ); в части источников приём/отделы по ул. Урицкого, д. 1/4. Телефон отдела 576-96-60 из агрегаторов; на gov.spb.ru отдельно не подтверждён."
Санкт-Петербург,,Красногвардейский район,"Отдел по вопросам законности, правопорядка и безопасности администрации Красногвардейского района Санкт-Петербурга",,department,"195027, Санкт-Петербург, Среднеохтинский проспект, д. 50, каб. 513","+7 (812) 576-86-37; доп. 576-87-97, 576-86-27",tukrgv@gov.spb.ru,https://www.gov.spb.ru/gov/terr/reg_krasnogvard/,,,https://guzvfdkrasnogr.krgv.gov.spb.ru/anti-corruption/obratnaya-svyaz-dlya-soobshcheniy-o-faktakh-korruptsii4456/,Телефон отдела 576-86-37 подтверждён официальным ресурсом gov.spb.ru. Адрес и email tukrgv@gov.spb.ru — из справочников/реквизитов администрации.
Санкт-Петербург,,Красносельский район,"Отдел по вопросам законности, правопорядка и безопасности администрации Красносельского района Санкт-Петербурга",,department,"198329, Санкт-Петербург, улица Партизана Германа, д. 3",+7 (812) 576-13-50,tukrsl@gov.spb.ru,https://www.gov.spb.ru/gov/terr/reg_krasnoselsk/,,,https://www.gov.spb.ru/gov/terr/reg_krasnoselsk/bezop/admin_kom/,"Раздел «Законность, правопорядок и безопасность» (подраздел «ГО ЧС и ПБ») есть на официальной странице gov.spb.ru. Телефон отдела 576-13-50 из справочников; на самой странице отдельно не выведен."
Санкт-Петербург,,Кронштадтский район,"Сектор по вопросам законности, правопорядка и безопасности администрации Кронштадтского района Санкт-Петербурга",,other,"197760, Санкт-Петербург, г. Кронштадт, проспект Ленина, д. 36, каб. 38",+7 (812) 576-90-05; доп. 576-90-25,tukrns@gov.spb.ru,https://www.gov.spb.ru/gov/terr/reg_kronsht/,,,https://dpcity.ru/administraciya-kronshtadtskogo-rajona-sankt-peterburga/,"Профильное подразделение — не отдел, а Сектор по вопросам законности, правопорядка и безопасности. Адрес и email tukrns@gov.spb.ru подтверждены реквизитами администрации; телефоны сектора из справочников."
Санкт-Петербург,,Курортный район,"Отдел по вопросам законности, правопорядка и безопасности администрации Курортного района Санкт-Петербурга",,department,"197701, Санкт-Петербург, г. Сестрорецк, площадь Свободы, д. 1",+7 (812) 576-81-12,tukur@gov.spb.ru,https://www.gov.spb.ru/gov/terr/reg_kurort/,,,https://soglasov.ru/sprav/adresa/rajonnyie-administraczii/administracziya-kurortnogo-rajona-sankt-peterburga-(spb),"Телефон 576-81-12 — начальник отдела, подтверждён также официальной страницей gov.spb.ru о народных дружинах. Email tukur@gov.spb.ru — общий адрес администрации (отдельный email отдела не опубликован; для смежных вопросов указан kvk@tukur.gov.spb.ru)."
Санкт-Петербург,,Московский район,"Отдел по вопросам законности, правопорядка и безопасности администрации Московского района Санкт-Петербурга",,department,"196006, Санкт-Петербург, Московский пр., д. 129",отдел +7 (812) 576-88-21; приёмная +7 (812) 576-88-00,tumos@gov.spb.ru,https://www.gov.spb.ru/gov/terr/reg_moscow/,,,https://soglasov.ru/sprav/adresa/rajonnyie-administraczii/administracziya-moskovskogo-rajona-sankt-peterburga-(spb),Приёмная и email tumos@gov.spb.ru подтверждены gov.spb.ru. Телефон отдела 576-88-21 из агрегатора soglasov.ru. Отдельный email отдела не опубликован.
Санкт-Петербург,,Невский район,"Отдел по вопросам законности, правопорядка и безопасности администрации Невского района Санкт-Петербурга",,department,"192131, Санкт-Петербург, пр. Обуховской Обороны, д. 163",отдел +7 (812) 576-98-66; приёмная +7 (812) 417-39-22,rnevsky@tunev.gov.spb.ru,https://www.gov.spb.ru/gov/terr/nevsky/,,,https://soglas-proekt.ru/spravka/adresa/rayonnye-administratsii/administratsiya-nevskogo-rayona/,Приёмная и общий email подтверждены gov.spb.ru. Телефон отдела 576-98-66 из агрегатора (альт. 560-96-43). Возможный email отдела law@tunev.gov.spb.ru официально не подтверждён.
Санкт-Петербург,,Петроградский район,"Отдел по вопросам законности, правопорядка и безопасности администрации Петроградского района Санкт-Петербурга",,department,"197101, Санкт-Петербург, ул. Большая Монетная, д. 19, литера А",отдел +7 (812) 576-50-98; приёмная +7 (812) 232-83-61,rpetrograd@gov.spb.ru,https://www.gov.spb.ru/gov/terr/reg_petrograd/,,,https://soglasov.ru/sprav/adresa/rajonnyie-administraczii/administracziya-petrogradskogo-rajona-sankt-peterburga-(spb),Телефон отдела 576-50-98 из агрегаторов. Email rpetrograd@gov.spb.ru — общий адрес администрации; email отдела vay@tupetr.gov.spb.ru официально не подтверждён.
Санкт-Петербург,,Петродворцовый район,"Отдел по вопросам законности, правопорядка и безопасности администрации Петродворцового района Санкт-Петербурга",,department,"198510, Санкт-Петербург, г. Петергоф, ул. Калининская, д. 7",отдел +7 (812) 576-95-60; приёмная +7 (812) 450-74-20,,https://www.gov.spb.ru/gov/terr/reg_petrodv/,,,https://dpcity.ru/administraciya-petrodvorcovogo-rajona/,Телефон отдела 576-95-60 из агрегатора dpcity.ru (также 450-62-70). Официальный email отдела/администрации не подтверждён — оставлен пустым. Адрес администрации подтверждён по ЕГРЮЛ.
Санкт-Петербург,,Приморский район,"Отдел по вопросам законности, правопорядка и безопасности администрации Приморского района Санкт-Петербурга",,department,"197374, Санкт-Петербург, ул. Савушкина, д. 83",+7 (812) 576-82-29; +7 (812) 576-82-28,,https://www.gov.spb.ru/gov/terr/reg_primorsk/,,,https://soglasov.ru/sprav/adresa/rajonnyie-administraczii/administracziya-primorskogo-rajona-sankt-peterburga-(spb),"Телефон 576-82-29 — начальник отдела (soglasov.ru); 576-82-28 — по Яндекс.Картам. Приём отдела по картам указывается по адресу аллея Котельникова, д. 2, лит. А. Официальный email не подтверждён — оставлен пустым."
Санкт-Петербург,,Пушкинский район,"Отдел по вопросам законности, правопорядка и безопасности администрации Пушкинского района Санкт-Петербурга",,department,"196601, Санкт-Петербург, г. Пушкин, Октябрьский бульвар, д. 24",отдел +7 (812) 576-92-32; справочная +7 (812) 576-92-00,tupush@gov.spb.ru,https://www.gov.spb.ru/gov/terr/reg_pushkin/,,,https://soglasov.ru/sprav/adresa/rajonnyie-administraczii/administracziya-pushkinskogo-rajona-sankt-peterburga-(spb),Справочная и email tupush@gov.spb.ru подтверждены gov.spb.ru. Телефон отдела 576-92-32 из агрегаторов. Отдельный email отдела не опубликован.
Санкт-Петербург,,Фрунзенский район,"Отдел по вопросам законности, правопорядка и безопасности администрации Фрунзенского района Санкт-Петербурга",,department,"192241, Санкт-Петербург, ул. Пражская, д. 46","отдел +7 (812) 576-84-35, 576-84-38; справочная +7 (812) 576-85-00",,https://www.gov.spb.ru/gov/terr/r_frunz/,,,https://icomms.ru/spb/otdel_po_voprosam_zakonnosti_pravoporyadka_i_bezopasnosti_administratsii_frunzenskogo_rayona.html,Телефоны отдела 576-84-35/576-84-38/576-85-37 из агрегаторов. Круглосуточная дежурная служба (812) 709-61-70. Официальный email отдела/администрации не подтверждён — оставлен пустым.
Санкт-Петербург,,Центральный район,"Отдел по вопросам законности, правопорядка и безопасности администрации Центрального района Санкт-Петербурга",,department,"191167, Санкт-Петербург, Невский пр., д. 176",отдел +7 (812) 576-26-26; приёмная +7 (812) 576-28-00,otdel_zakon@tucentr.gov.spb.ru,https://www.gov.spb.ru/gov/terr/reg_center/,,,https://spb.ros-spravka.ru/catalog/administration/TSentralnyiy_rayon/,"Телефон отдела 576-26-26 подтверждается несколькими источниками (ros-spravka, 2ГИС). Email отдела otdel_zakon@tucentr.gov.spb.ru — из агрегатора, на gov.spb.ru не подтверждён."
