region,federal_district,body_name,body_type,address,phone,email,website,source_url,notes
Белгородская область,Центральный,ОГКУ «Управление по делам гражданской обороны и чрезвычайным ситуациям Белгородской области»,gku,"308009, г. Белгород, пр-т Славы, д. 100","+7 (4722) 32-20-00, +7 (4722) 32-42-00",,http://ugochsbelgorod.ru,https://www.list-org.com/company/5413574,"Региональное ГО/ЧС учреждение. Политический орган — Управление региональной безопасности Белгородской области (Соборная пл., 4). Email не подтверждён; контакты из реестра, не с офиц. страницы."
Брянская область,Центральный,Департамент региональной безопасности Брянской области,department,"241050, г. Брянск, ул. Фокина, д. 31, оф. 201",+7 (4832) 66-47-76,mail@depbez.ru,https://www.depbez.ru,http://www.bryanskobl.ru/executive,Региональный исполнительный орган. Подведомственный УМЦ по ГОЧС (umcbryansk.ru). Индекс встречается как 241050 и 241002.
Владимирская область,Центральный,"ГКУ Владимирской области «Служба гражданской обороны, пожарной безопасности, защиты населения и территорий от ЧС Владимирской области»",gku,"600007, г. Владимир, ул. Мира, д. 96",+7 (4922) 60-03-02,sgo@gov33.ru,,https://www.rusprofile.ru/id/5829607,"Региональное казённое учреждение. Отдельного сайта не найдено; телефон и email из агрегаторов, не с офиц. страницы."
Воронежская область,Центральный,"КУ Воронежской области «Гражданская оборона, защита населения и пожарная безопасность Воронежской области»",gku,"394018, г. Воронеж, ул. Свободы, д. 75","+7 (473) 276-46-76, +7 (473) 277-31-12",okkuvogo@govvrn.ru,http://kuvogo.ru,https://voronej.orgsprav.com/grajdanskaya_oborona/1434461.html,Региональное казённое учреждение. Email по данным справочника.
Ивановская область,Центральный,Комитет Ивановской области по делам гражданской обороны и защиты населения,committee,"153000, г. Иваново, пл. Революции, д. 2/1, оф. 299/6",+7 (4932) 41-11-21,post@ivreg.ru,https://admdep.ivanovoobl.ru,https://admdep.ivanovoobl.ru/kontakty/,Профильный региональный орган. Подведомственное ОГКУ «Управление по обеспечению ЗН и ПБ». Отдел гражданской защиты населения: (4932) 32-43-61.
Калужская область,Центральный,Главное управление МЧС России по Калужской области,other,"248001, г. Калуга, ул. Кирова, д. 9а",+7 (4842) 71-81-29,mchskaluga@40.mchs.gov.ru,https://40.mchs.gov.ru,https://40.mchs.gov.ru/contacts,Fallback на федеральное ГУ МЧС: отдельного регионального органа по ГО/ЧС не найдено; руководство ГО осуществляет Губернатор через ГУ МЧС.
Костромская область,Центральный,Управление по защите населения от чрезвычайных ситуаций на территории Костромской области,directorate,"156013, г. Кострома, ул. Ленина, д. 20 (левое крыло)",+7 (4942) 39-94-06,mail@drb44.ru,http://www.drb44.ru,https://www.region44.ru/razdel/org/one_org.php?id=1829,Региональный орган по ГО и защите от ЧС. Отдел мероприятий гражданской обороны: (4942) 39-94-16.
Курская область,Центральный,Комитет региональной безопасности Курской области,committee,"305004, г. Курск, ул. Челюскинцев, д. 28а",+7 (4712) 51-42-40,krb@rkursk.ru,https://krb.kursk.ru,https://krb.kursk.ru/about/,Индекс на офиц. сайте — 305004; на портале правительства встречается 305041.
Липецкая область,Центральный,Министерство региональной безопасности Липецкой области,ministry,"398001, г. Липецк, ул. Скороходова, д. 2",+7 (4742) 23-89-00,admorg@admlr.lipetsk.ru,https://uao-lipetsk.ru,https://uao-lipetsk.ru/about/structure,"На сайте указано, что обращения принимаются только через форму обратной связи. Факс: (4742) 23-89-34."
Московская область,Центральный,Главное управление региональной безопасности Московской области (ГУРБ),directorate,"143407, Московская область, г. Красногорск, бульвар Строителей, д. 1",+7 (498) 602-05-41,gurb@mosreg.ru,https://gurb.mosreg.ru,https://moscow-gov.ru/doc/217155,Исполнительный орган спец. компетенции; участвует в мероприятиях по ГО и защите от ЧС. Оперативные силы — ГКУ МО «Мособлпожспас».
Орловская область,Центральный,"Департамент региональной безопасности Орловской области (Управление по делам ГО, защиты от ЧС и ПБ)",department,"302021, г. Орёл, пл. Ленина, д. 1","+7 (4862) 59-79-58; Управление по делам ГО, ЧС и ПБ: +7 (4862) 59-81-80",drboo@adm.orel.ru,https://orel-region.ru/index.php?head=6&op=1&part=73&unit=555,https://orel-region.ru/index.php?head=6&op=1&part=73&unit=555,Профильное подразделение по ГО/ЧС/ПБ входит в структуру Департамента.
Рязанская область,Центральный,Министерство региональной безопасности и контроля Рязанской области,ministry,"390000, г. Рязань, ул. Полонского, д. 1, корп. 1","+7 (4912) 29-06-41, +7 (4912) 29-05-53",,http://mrbk.ryazangov.ru,https://ryazan.ouuo.ru/ministerstvo-regionalnoy-bezopasnosti-i-kontrolya-ryazanskoy-oblasti/,Действующее министерство. Email на офиц. странице не подтверждён; контакты из справочников.
Смоленская область,Центральный,Главное управление Смоленской области по обеспечению деятельности противопожарно-спасательной службы,directorate,"214019, г. Смоленск, ул. Тенишевой, д. 33",+7 (4812) 29-11-91,gugzipb@admin-smolensk.ru,https://gugzipb.admin-smolensk.ru,https://gugzipb.admin-smolensk.ru/obshaia-informac/,"Исполнительный орган области с функциями в сфере ГО, защиты от ЧС и ПБ."
Тамбовская область,Центральный,Министерство юстиции и региональной безопасности Тамбовской области,ministry,"392000, г. Тамбов, ул. Советская, д. 118",+7 (4752) 79-22-04,agat@agat.tambov.gov.ru,http://urb.tmbreg.ru,https://do.gosuslugi.ru/orgs/6840100010000056924/,Объединённое министерство (юстиция + региональная безопасность). Email по данным реестра/gosuslugi.
Тверская область,Центральный,Главное управление региональной безопасности Тверской области,directorate,"170100, г. Тверь, ул. Вагжанова, д. 13",+7 (4822) 34-14-74,reg_bez@web.region.tver.ru,https://гурб.тверскаяобласть.рф,https://nalognalog.ru/executive/1906,"Оперативные ГО/ЧС-функции — подведомственное ГКУ «Управление противопожарной службы, защиты населения и территорий Тверской области» (пр-т Победы, 75, +7 (4822) 34-31-07)."
Тульская область,Центральный,Министерство по региональной безопасности Тульской области,ministry,"300041, г. Тула, пр-т Ленина, д. 2",+7 (4872) 24-98-75,regionbez@tularegion.ru,https://security.tularegion.ru,https://www.rusprofile.ru/id/11825931,Профильное министерство. Приём/консультации также по тел. 8 (4872) 24-99-98.
Ярославская область,Центральный,Министерство региональной безопасности Ярославской области,ministry,"150000, г. Ярославль, Советская пл., д. 3 (юр.); факт. — ул. Чехова, д. 5",+7 (4852) 40-04-17,drb@region.adm.yar.ru,https://www.yarregion.ru,https://reputation.ru/ogrn/1117604020830,"Ранее — Департамент региональной безопасности. Юр. адрес — Советская пл., 3; приём — ул. Чехова, 5."
город Москва,Центральный,"Департамент по делам гражданской обороны, чрезвычайным ситуациям и пожарной безопасности города Москвы (Департамент ГОЧСиПБ)",department,"125009, г. Москва, ул. Тверская, д. 8, корп. 2",+7 (495) 637-22-22 (горячая линия); +7 (495) 609-09-21 (единый),emercom@mos.ru,https://www.mos.ru/emercom,https://www.mos.ru/emercom,Функциональный орган исполнительной власти Москвы по ГО/ЧС/ПБ. Индекс встречается как 125009 и 125375.
Республика Карелия,Северо-Западный,Государственный комитет Республики Карелия по обеспечению жизнедеятельности и безопасности населения,committee,"185035, Республика Карелия, г. Петрозаводск, просп. Карла Маркса, д. 10","+7 (8142) 59-90-77, +7 (8142) 76-30-40",komitet@emercom.gov10.ru,https://gov10.ru/power/executive/emercom/,https://gov10.ru/power/executive/emercom/,"Региональный орган по ГО, ЧС и ПБ."
Республика Коми,Северо-Западный,Комитет Республики Коми гражданской обороны и чрезвычайных ситуаций,committee,"167000, Республика Коми, г. Сыктывкар, ул. Интернациональная, д. 157 (3 этаж)","+7 (8212) 288-106, +7 (8212) 288-113",go@go.rkomi.ru,https://go.rkomi.ru/,https://go.rkomi.ru/,Региональный орган по ГО и ЧС. Факс: +7 (8212) 245-306.
Архангельская область,Северо-Западный,Агентство государственной противопожарной службы и гражданской защиты Архангельской области,other,"163000, г. Архангельск, ул. Свободы, д. 27","+7 (8182) 63-30-02, +7 (8182) 28-80-01",,https://dvinaland.ru/,https://29.mchs.gov.ru/glavnoe-upravlenie/sily-i-sredstva/agentstvo-gosudarstvennoy-protivopozharnoy-sluzhby-i-grazhdanskoy-zashchity-arhangelskoy-oblasti,Региональное агентство (в ЕГРЮЛ — ГКУ). Email не подтверждён; часть контактов со страницы ГУ МЧС (fallback-источник).
Ненецкий автономный округ,Северо-Западный,Управление гражданской защиты и обеспечения пожарной безопасности НАО (в структуре Департамента общественной безопасности НАО),directorate,"166000, Ненецкий автономный округ, г. Нарьян-Мар, ул. им. Тыко Вылки, д. 2",+7 (81853) 2-38-19,gochs@adm-nao.ru,https://oborona.adm-nao.ru/,https://oborona.adm-nao.ru/struktura-i-polnomochiya-gosudarstvennogo-organa-zadachi-i-funkcii-ego/staff/,"Головной орган — Департамент общественной безопасности НАО (ул. им. В.И. Ленина, 38, +7 (81853) 2-39-03)."
Вологодская область,Северо-Западный,Министерство региональной безопасности Вологодской области,ministry,"160012, г. Вологда, Советский пр., д. 80б",+7 (8172) 23-01-72,OPTE@kgzisb.gov35.ru,https://mrb.gov35.ru/,https://mrb.gov35.ru/,Ранее — Комитет гражданской защиты и социальной безопасности; преобразован в Министерство (тот же ИНН 3525150114).
Калининградская область,Северо-Западный,Министерство региональной безопасности Калининградской области,ministry,,,,,https://www.interfax-russia.ru/northwest/main/ministerstvo-regionalnoy-bezopasnosti-sozdali-v-kaliningradskoy-oblasti,"Министерство создано и начало работу 29.06.2026 (ГО, тероборона, защита от ЧС, ПБ); офиц. контакты ещё не опубликованы. Подведомственное: ГБУ КО «ОГПС и ГО» (Московский пр., 190, guogps39@mail.ru). Fallback: ГУ МЧС по Калининградской области (ул. Озерная, 31, +7 (4012) 52-91-01, mail@39.mchs.gov.ru)."
Ленинградская область,Северо-Западный,ГКУ Ленинградской области «Управление по обеспечению мероприятий гражданской защиты Ленинградской области»,gku,"187000, Ленинградская область, г. Тосно, шоссе Барыбина, д. 66",+7 (812) 612-72-84,uomgzlo@team47.ru,https://uomgzlo.lenobl.ru/,https://uomgzlo.lenobl.ru/ru/kontakty/,"Головной политический орган — Комитет правопорядка и безопасности Ленинградской области (kpb.lenobl.ru; Суворовский пр., 67, +7 (812) 539-40-48, admcom@lenreg.ru)."
Мурманская область,Северо-Западный,Министерство региональной безопасности Мурманской области,ministry,"183006, г. Мурманск, пр. Ленина, д. 75",+7 (8152) 486-208,mrb@gov-murman.ru,https://safety.gov-murman.ru/,https://safety.gov-murman.ru/about/polozhenie.php,"Оперативное учреждение — ГОКУ «Управление по делам ГОЧС и ПБ Мурманской области» (ул. Буркова, 4, +7 (8152) 210-983, murman01.ru)."
Новгородская область,Северо-Западный,ГОКУ «Управление защиты населения от ЧС и по обеспечению пожарной безопасности Новгородской области»,gku,"173000, Новгородская область, г. Великий Новгород, ул. Рогатица, д. 14а, помещ. 3н",+7 (8162) 974-100,,https://xn--53-6kcaop0bl0d.xn--p1ai/,https://companies.rbc.ru/id/1025300805859-gosudarstvennoe-oblastnoe-kazennoe-uchrezhdenie-upravlenie-zaschityi-naseleniya-ot-chrezvyichajnyih-situatsij-i-po-obespecheniyu-pozharnoj-bezopasnosti-novgorodskoj-oblasti/,"Учредитель — Правительство области. Офиц. сайт — узн53.рф. Email не приведён единообразно, поэтому оставлен пустым."
Псковская область,Северо-Западный,ГКУ Псковской области «Управление обеспечения деятельности в чрезвычайных ситуациях»,gku,"180000, Псковская область, г. Псков, Комиссаровский пер., д. 2",+7 (8112) 29-16-08,uodchs@mail.ru,,https://pskovskaya.spravochnika.ru/org/id-1559743,Учредитель — Администрация (Правительство) Псковской области. Отдельного офиц. сайта не найдено.
город Санкт-Петербург,Северо-Западный,"Комитет по вопросам законности, правопорядка и безопасности Санкт-Петербурга",committee,"191124, г. Санкт-Петербург, Смольный проезд, д. 1",+7 (812) 576-79-70,zakon@gov.spb.ru,https://www.gov.spb.ru/gov/otrasl/zakon/,https://account.spb.ru/committees/items/19415,"Реализует политику в области ГО, ПБ и защиты от ЧС. Подведомственное — СПб ГКУ «Поисково-спасательная служба Санкт-Петербурга». Факс приёмной +7 (812) 576-43-74."
Республика Адыгея,Южный,Комитет Республики Адыгея по делам гражданской обороны и чрезвычайным ситуациям,committee,"385000, Республика Адыгея, г. Майкоп, ул. Хакурате, д. 642",+7 (8772) 59-30-39,komgochs@adygheya.gov.ru,https://www.adygheya.ru,https://base.garant.ru/32358121/,"Отдельный региональный орган. Индекс в ЕГРЮЛ встречается как 385000/385001/385021. В реестрах также komitetgochs01@mail.ru, домен gochs01.ru (не подтв.)."
Республика Калмыкия,Южный,КУ Республики Калмыкия «Центр гражданской защиты»,gku,"358000, Республика Калмыкия, г. Элиста, ул. Изотова, д. 64 (юр.); почт.: 358011, проспект О.И. Городовикова, 5","+7 (84722) 9-41-26, +7 (84722) 9-41-27",umc_cgz@mail.ru,https://cgz08.ru,https://cgz08.ru/osnov_sved,Отдельного министерства/комитета ГО и ЧС нет (упразднено). Госнадзор возложен на Министерство ЖКХ и энергетики РК. Приведён контакт УМЦ учреждения.
Республика Крым,Южный,Главное управление МЧС России по Республике Крым,other,"295022, Республика Крым, г. Симферополь, ул. Кечкеметская, д. 103",+7 (3652) 55-09-44; Управление ГО и защиты населения: +7 (3652) 55-12-61,kancgu@82.mchs.gov.ru,https://82.mchs.gov.ru,https://82.mchs.gov.ru/kontakty,Fallback на федеральное ГУ МЧС: отдельного регионального органа по ГО/ЧС нет. Полномочия ГО — за Советом министров РК; АСС региона — ГКУ РК «КРЫМ-СПАС».
Краснодарский край,Южный,Министерство гражданской обороны и чрезвычайных ситуаций Краснодарского края,ministry,"350014, Краснодарский край, г. Краснодар, ул. Красная, д. 35","+7 (861) 259-92-90, +7 (861) 259-13-89",mrb@krasnodar.ru,https://mingochs.krasnodar.ru,https://datanewton.ru/contragents/1022301224945,Отдельный орган исполнительной власти края (ИНН 2308085917). Контакты подтверждены по справочно-реестровым источникам.
Астраханская область,Южный,Министерство региональной безопасности Астраханской области,ministry,"414000, г. Астрахань, ул. Советская, д. 15",+7 (8512) 51-65-93,,https://mrb.astrobl.ru,https://www.astr-gov.ru/doc/82020,"Проводит госполитику в сфере ГО, защиты от ЧС, включая поддержание ЗС ГО. ИНН 3015068529. Email на сайте не удалось верифицировать."
Волгоградская область,Южный,Комитет по обеспечению безопасности жизнедеятельности населения Волгоградской области (Облкомбез),committee,"400066, Волгоградская область, г. Волгоград, ул. Порт-Саида, д. 5а","+7 (8442) 38-51-89, +7 (8442) 38-51-77, +7 (8442) 30-93-70",,https://vlg-gov.ru,https://companies.rbc.ru/id/1103444004982-komitet-po-obespecheniyu-bezopasnosti-zhiznedeyatelnosti-naseleniya-volgogradskoj-oblasti/,Областной орган (ИНН 3444179637). Не путать с муниципальным Комитетом гражданской защиты населения администрации г. Волгограда. Email не верифицирован.
Ростовская область,Южный,Департамент по предупреждению и ликвидации чрезвычайных ситуаций Ростовской области,department,"344003, г. Ростов-на-Дону, ул. Города Волос, зд. 11 (4 этаж)",+7 (863) 269-59-25; канцелярия: +7 (863) 269-59-10,dpchsro2@donland.ru,https://dpchs.donland.ru,https://rostov-gov.ru/doc/91719,"Орган по ГО, защите от ЧС и ПБ, региональный госнадзор. В части источников — старый адрес dpchsro2@donpac.ru."
город Севастополь,Южный,Департамент общественной безопасности города Севастополя + ГКУ «Центр обеспечения мероприятий гражданской защиты Севастополя»,department,"Департамент: 299011, г. Севастополь, ул. Большая Морская, д. 1; ГКУ ЦГЗ: ул. Сенявина, д. 3",Департамент: +7 (8692) 54-18-43; ГКУ ЦГЗ: +7 (8692) 54-33-97,gkucgz@mail.ru,https://sevastopol.gov.ru,http://sovetbalaclava.ru/zashhita-naseleniya-i-territoriy-ot-chrezvyichaynyih-situatsiy/,"Профильный орган — Департамент общественной безопасности; ему подведомственно ГКУ ЦГЗ, ведущее мероприятия ГО/ЗС ГО."
Республика Дагестан,Северо-Кавказский,"Министерство по делам гражданской обороны, чрезвычайным ситуациям и ликвидации последствий стихийных бедствий Республики Дагестан",ministry,"367015, Республика Дагестан, г. Махачкала, ул. М. Ярагского, д. 124 «а»",+7 (8722) 51-61-22,mchs@e-dag.ru,https://mchsrd.ru/,https://mchsrd.ru/contacts,"Отдельное региональное министерство. Подведомственное ГКУ РД «Центр ГО и ЧС», +7 (8722) 67-14-94."
Республика Ингушетия,Северо-Кавказский,Министерство по делам гражданской обороны и чрезвычайным ситуациям Республики Ингушетия,ministry,"386001, Республика Ингушетия, г. Магас, ул. 65 лет Победы, д. 3",+7 (8734) 55-06-92,ri.mchs@yandex.ru,https://mchsri.ru/,https://mchsri.ru/index.php/contacts,Отдельное региональное министерство. Канцелярия +7 (8734) 55-03-29; отдел мероприятий ГО +7 (8734) 55-06-91.
Кабардино-Балкарская Республика,Северо-Кавказский,Главное управление МЧС России по Кабардино-Балкарской Республике,directorate,"360017, Кабардино-Балкарская Республика, г. Нальчик, ул. Чернышевского, д. 19",+7 (8662) 74-38-47,gu@07.mchs.gov.ru,https://07.mchs.gov.ru/,https://07.mchs.gov.ru/glavnoe-upravlenie/sily-i-sredstva/upravlenie-grazhdanskoy-zashchity,Fallback на федеральное ГУ МЧС: отдельное министерство упразднено; полномочия ГО осуществляет Правительство КБР через ГУ МЧС (Закон КБР от 27.07.2020 № 25-РЗ).
Карачаево-Черкесская Республика,Северо-Кавказский,"Управление КЧР по обеспечению мероприятий гражданской обороны, предупреждения и ликвидации ЧС и пожарной безопасности",directorate,"369000, Карачаево-Черкесская Республика, г. Черкесск, ул. Первомайская, д. 34 «А»",+7 (8782) 26-36-45,upravkchrgochs@mail.ru,https://www.gochs09.ru/,https://www.gochs09.ru/kontakty/,"Отдельный региональный орган. Оперативный дежурный +7 (8782) 26-49-89. Подведомственное РГБУ «Центр гражданской защиты», +7 (8782) 26-08-07."
Республика Северная Осетия — Алания,Северо-Кавказский,Комитет Республики Северная Осетия-Алания по делам гражданской обороны и чрезвычайным ситуациям,committee,"362040, Республика Северная Осетия — Алания, г. Владикавказ, ул. Максима Горького, д. 26",,,,https://www.rusprofile.ru/id/1251500001257,"Комитет вновь создан и зарегистрирован 05.03.2025 (ИНН 1500022822); офиц. сайта/телефона/email пока нет; адрес из ЕГРЮЛ. Рабочий контакт — ГКУ «Центр обеспечения деятельности по защите населения...» (rso-gkucenter.ru, (8672) 25-73-39, gu-centr@mail.ru)."
Чеченская Республика,Северо-Кавказский,Комитет Правительства Чеченской Республики по предупреждению и ликвидации последствий чрезвычайных ситуаций,committee,"364024, Чеченская Республика, г. Грозный, ул. Госпитальная, д. 6",+7 (8712) 29-27-24,,,https://companies.rbc.ru/id/1102031001346-komitet-pravitelstva-chechenskoj-respubliki-po-preduprezhdeniyu-i-likvidatsii-posledstvij-chrezvyichajnyih-situatsij/,"Индекс расходится по реестрам (364024/364014/364051). Доп. телефоны: +7 (8712) 33-22-40, +7 (8712) 33-35-81. Офиц. сайт/email не подтверждены."
Ставропольский край,Северо-Кавказский,Главное управление МЧС России по Ставропольскому краю,directorate,"355037, Ставропольский край, г. Ставрополь, ул. 8 Марта, д. 164","+7 (8652) 34-94-05, +7 (8652) 34-94-25",gu.mchs26@26.mchs.gov.ru,https://26.mchs.gov.ru/,https://26.mchs.gov.ru/glavnoe-upravlenie/kontaktnaya-informaciya,Fallback на федеральное ГУ МЧС: краевого органа именно по ГО/ЗС ГО не выявлено. На краевом уровне действует ГКУ «ПАСС СК» (противопожарно-спасательная служба).
Республика Башкортостан,Приволжский,Государственный комитет Республики Башкортостан по чрезвычайным ситуациям,committee,"450008, Республика Башкортостан, г. Уфа, ул. Пушкина, д. 95",+7 (347) 218-11-88,gkchs@bashkortostan.ru,https://gkchs.bashkortostan.ru/,https://gkchs.bashkortostan.ru/,"Республиканский орган по ГО, защите от ЧС и ПБ."
Республика Марий Эл,Приволжский,Комитет гражданской обороны и защиты населения Республики Марий Эл,committee,"424033, Республика Марий Эл, г. Йошкар-Ола, наб. Брюгге, д. 2",+7 (8362) 69-00-13,kgo@mari-el.gov.ru,,https://marieltrud.ru/employer/detail/?companyId=7729f723-85ec-11e8-adb0-000c2973da2c,Региональный орган (в ЕГРЮЛ — форма ГКУ). Отдельного сайта не подтверждено; сведения на порталах Правительства РМЭ.
Республика Мордовия,Приволжский,"Государственный комитет по делам ГО, ЧС и ликвидации последствий стихийных бедствий Республики Мордовия",committee,"430005, Республика Мордовия, г. Саранск, ул. Коммунистическая, д. 33/3",,,,https://www.rusprofile.ru/id/1221300001603,"Республиканский орган (зарег. 2022, ИНН 1300000155). Телефон/email/сайт не подтверждены. Подведомственное — ГКУ РМ «Специальное управление гражданской защиты» (ул. М. Расковой, 2; 8 (8342) 39-19-07)."
Республика Татарстан,Приволжский,Министерство по делам гражданской обороны и чрезвычайным ситуациям Республики Татарстан,ministry,"420088, Республика Татарстан, г. Казань, ул. Академика Губкина, д. 50",+7 (843) 288-46-90,mchsrt@tatar.ru,https://mchs.tatarstan.ru/,https://mchs.tatarstan.ru/kontaktnaya-informatsiya.htm,"Региональное министерство ГОЧС. Размещается по одному адресу с ГУ МЧС по РТ, но это отдельный республиканский орган."
Удмуртская Республика,Приволжский,БУ Удмуртской Республики «Служба гражданской защиты Удмуртской Республики»,gku,"426069, Удмуртская Республика, г. Ижевск, ул. Песочная, д. 17",+7 (3412) 50-45-50,mchsur@udm.ru,,https://www.rusprofile.ru/id/759601,"Бюджетное учреждение, правопреемник упразднённого Министерства по делам ГО и ЧС УР. Реализация госполитики фактически через ГУ МЧС по УР."
Чувашская Республика,Приволжский,Государственный комитет Чувашской Республики по делам гражданской обороны и чрезвычайным ситуациям,committee,"г. Чебоксары, пр. Мира, д. 5",+7 (8352) 55-23-12,gkchs-org@cap.ru,https://gkchs.cap.ru/,https://cheboksary.spravka.city/company/gosudarstvennyj-komitet-chuvashskoj-respubliki-po-delam-grazhdanskoj-oborony-i-chrezvychajnym-situaciyam,Республиканский орган (ИНН 2127305504). Индекс не подтверждён. Доп. email: gkchs-antiterror@cap.ru.
Пермский край,Приволжский,Министерство территориальной безопасности Пермского края,ministry,"614015, Пермский край, г. Пермь, ул. Куйбышева, д. 14",+7 (342) 217-71-56,info@mtb.permkrai.ru,https://mtb.permkrai.ru/,https://companies.rbc.ru/id/1175958014671-ministerstvo-territorialnoj-bezopasnosti-permskogo-kraya/,"Подведомственное — ГКУ ПК «Гражданская защита» (ул. Плеханова, 51в; +7 (342) 236-15-05; info@gkugz.permkrai.ru)."
Кировская область,Приволжский,Управление защиты населения и территорий администрации Правительства Кировской области,directorate,"г. Киров, ул. Защитников Отечества, д. 69","+7 (8332) 76-02-01, +7 (8332) 56-53-51",uz@ako.kirov.ru,,https://www.gosuslugi43.ru/structure/detail.php?ID=77182,Региональный орган по ГО и защите населения. Индекс не указан. Подведомственные: КОГКУ «КОПСС» и УМЦ по ГОЧС и ПБ.
Нижегородская область,Приволжский,Министерство региональной безопасности Нижегородской области,ministry,"603134, Нижегородская область, г. Нижний Новгород, ул. Костина, д. 2",+7 (831) 434-27-90,,https://drb.nobl.ru/,https://nobl.ru/organy-ispolnitelnoj-vlasti-nizhegorodskoj-oblasti/ministerstvo-regionalnoj-bezopasnosti-nizhegorodskoj-oblasti,"Профильный региональный орган. Подведомственное — ГКУ НО «Управление по делам ГО, ЧС и ПБ» (ул. Фруктовая, 6; +7 (831) 431-78-76)."
Оренбургская область,Приволжский,Департамент пожарной безопасности и гражданской защиты Оренбургской области,department,"460024, Оренбургская область, г. Оренбург, ул. Аксакова, д. 1",+7 (3532) 78-03-04,gochs@mail.orb.ru,https://gochs.orb.ru/,https://gochs.orb.ru/about/contacts/,"Подведомственное — ГКУ «Центр по обеспечению мероприятий ГО и ЧС» (ул. Цвиллинга, 41; +7 (3532) 30-54-22; centrgoichs@mail.ru)."
Пензенская область,Приволжский,Главное управление МЧС России по Пензенской области,directorate,"440008, Пензенская область, г. Пенза, ул. Дзержинского, д. 5",+7 (8412) 68-13-45,gu@58.mchs.gov.ru,https://58.mchs.gov.ru/,https://58.mchs.gov.ru/kontakty,Fallback на федеральное ГУ МЧС: региональный орган по ГО/ЗС ГО не подтверждён. Муниципальный уровень — МКУ «Управление по делам ГОЧС г. Пензы».
Самарская область,Приволжский,"ГКУ Самарской области «Центр по делам гражданской обороны, пожарной безопасности и чрезвычайным ситуациям»",gku,"443010, Самарская область, г. Самара, ул. Красноармейская, д. 12",+7 (846) 332-04-04,,https://spasenie112.ru/,https://spasenie112.ru/company/requisites/,Профильное региональное ГКУ (ИНН 6315700776). Телефон — оперативного дежурного. Email не подтверждён.
Саратовская область,Приволжский,Управление региональной безопасности Правительства Саратовской области,directorate,"410012, Саратовская область, г. Саратов, ул. им. Н.В. Гоголя, д. 87",+7 (8452) 65-96-81,,http://obz.saratov.gov.ru/,https://minfin.saratov.gov.ru/budget/pasporta/pasporta-vedomstv/vedomstva/upravlenie-obespecheniya-bezopasnosti-zhiznedeyatelnosti-naseleniya,"Уполномоченный орган по ГО, защите от ЧС и ПБ (в 2024 переименован из «управления обеспечения безопасности жизнедеятельности населения»). Email на портале скрыт."
Ульяновская область,Приволжский,ОГКУ «Служба гражданской защиты и пожарной безопасности Ульяновской области»,gku,"432071, Ульяновская область, г. Ульяновск, ул. Средний Венец, д. 27",+7 (8422) 44-34-41,SLGOPB@mail.ru,,https://ulgov.ru/page/index/permlink/id/15400/,Региональное ОГКУ (ИНН 7325050590). Отдельного сайта нет; сведения на ulgov.ru и 73.mchs.gov.ru.
Курганская область,Уральский,Управление защиты населения от ЧС и обеспечения пожарной безопасности Курганской области,directorate,"640020, г. Курган, ул. Томина, д. 34",+7 (3522) 42-83-16,urtzn@kurganobl.ru,http://www.urtzn.kurganobl.ru/,http://www.urtzn.kurganobl.ru/800.html,"Подведомственно областному Департаменту гражданской защиты, охраны окружающей среды и природных ресурсов."
Свердловская область,Уральский,Министерство общественной безопасности Свердловской области,ministry,"620075, г. Екатеринбург, ул. Пушкина, д. 11 (почт.: 620000, ул. Карла Либкнехта, д. 8а, лит. Д)","+7 (343) 312-00-22, доб. 07",security@egov66.ru,https://security.midural.ru/,https://security.midural.ru/about/contacts/,"Профильный региональный орган по ГО, защите населения и безопасности."
Тюменская область,Уральский,Департамент гражданской защиты и пожарной безопасности Тюменской области,department,"625048, г. Тюмень, ул. Малыгина, д. 48",+7 (3452) 42-73-50,GZIPB@72to.ru,https://security.admtyumen.ru/,https://www.catalogfactory.org/cli/1197232012394,Офиц. сайт — на портале органов госвласти региона. Адрес/телефон подтверждены по ЕГРЮЛ/картам.
Ханты-Мансийский автономный округ — Югра,Уральский,Департамент гражданской защиты населения Ханты-Мансийского автономного округа – Югры,department,"г. Ханты-Мансийск, ул. Студенческая, д. 2",+7 (3467) 36-01-55,,http://depgzn.admhmao.ru/,https://www.garant.ru/hotlaw/hant/831287/,Исполнительный орган округа (Пост. Правительства ХМАО–Югры от 29.07.2016 № 280-п). Email не подтверждён; сайт при проверке был недоступен.
Челябинская область,Уральский,Министерство общественной безопасности Челябинской области,ministry,"454091, г. Челябинск, пл. Революции, д. 4",+7 (351) 263-52-01,info@mob.gov74.ru,https://minob.gov74.ru/,https://minob.gov74.ru/,Профильный региональный орган. Отдельную страницу контактов подтвердить прямым запросом не удалось.
Ямало-Ненецкий автономный округ,Уральский,Департамент гражданской защиты и пожарной безопасности Ямало-Ненецкого автономного округа,department,"629003, г. Салехард, ул. Чапаева, д. 8",+7 (34922) 6-70-30,dgzp@yanao.ru,http://dgzp.yanao.ru/,https://do.gosuslugi.ru/orgs/8900000010000003430/,Центральный исполнительный орган округа (Пост. Правительства ЯНАО от 20.12.2011 № 939-П).
Республика Алтай,Сибирский,"Комитет по гражданской обороне, чрезвычайным ситуациям и пожарной безопасности Республики Алтай",committee,"649100, Республика Алтай, Майминский р-н, тер. Долина Алтая, зд. 1",+7 (38822) 4-84-24,komitet-gochs@altaigov.ru,https://gochsra.ru,https://gochsra.ru/grafik-lichnogo-priema/,Профильный региональный орган. Телефон приёмной доб. 3.
Республика Тыва,Сибирский,Служба по гражданской обороне и чрезвычайным ситуациям Республики Тыва,other,"667011, Республика Тыва, г. Кызыл, ул. Калинина, д. 1 «б» (каб. 417)",+7 (39422) 6-03-00,sgo@rtyva.ru,https://sgochs.rtyva.ru,https://sgochs.rtyva.ru/node/37/,Региональный орган в форме «Служба». Не путать с ГУ МЧС по Республике Тыва.
Республика Хакасия,Сибирский,"Государственный комитет по гражданской обороне, чрезвычайным ситуациям и пожарной безопасности Республики Хакасия",committee,"655017, Республика Хакасия, г. Абакан, пр-кт Ленина, д. 67",+7 (3902) 229-91-16,,,https://companium.ru/id/1021900536118,Профильный региональный комитет. Отдельного сайта нет (сведения на r-19.ru). Email в открытых источниках замаскирован.
Алтайский край,Сибирский,"ККУ «Управление Алтайского края по делам гражданской обороны, чрезвычайным ситуациям и пожарной безопасности»",gku,"656006, Алтайский край, г. Барнаул, ул. Взлётная, д. 2ж","+7 (3852) 20-60-28, +7 (3852) 20-60-50; опер. дежурный (3852) 38-01-12",ugochs22@yandex.ru,https://ugochs22.ru,http://umc22.asu.ru/mod/page/view.php?id=49,Профильное краевое казённое учреждение. Email/телефоны частично из агрегаторов; индекс в части источников 656023.
Красноярский край,Сибирский,"Агентство по гражданской обороне, чрезвычайным ситуациям и пожарной безопасности Красноярского края",other,"660011, г. Красноярск, ул. Лесная, зд. 2а/18",+7 (391) 227-11-21,aefizova@krskgo.ru,https://krskstate.ru/ag_goichs,https://www.krskstate.ru/ag_goichs,"Политический орган — краевое Агентство. Подведомственное — КГКУ «Центр обеспечения реализации полномочий в областях ГО, ЧС» (gochs24.ru, (391) 2908-305). Email агентства — из агрегаторов."
Иркутская область,Сибирский,ОГКУ «Центр по гражданской обороне и защите населения и территорий от чрезвычайных ситуаций»,gku,"664011, Иркутская область, г. Иркутск, ул. Ударника, д. 4/литера А",+7 (3952) 224-04-40; +7 (3952) 20-14-86,,http://irkobl.ru/sites/gochs/,https://www.94fz.ru/org/44fz/03342000196,Отдельного регионального министерства/комитета ГОЧС нет; учредитель ОГКУ — Министерство имущественных отношений области. Email не подтверждён (упоминается gochs.irk.ru).
Кемеровская область — Кузбасс,Сибирский,Департамент по чрезвычайным ситуациям Кузбасса,department,"650064, г. Кемерово, Советский проспект, д. 60Б",+7 (3842) 58-39-03,,https://xn--42-jlc8bk9a.xn--p1ai,https://xn--42-jlc8bk9a.xn--p1ai/departament/rekvizity.php,"Профильный региональный орган, сайт «42чс.рф». Общий email на странице реквизитов не опубликован."
Новосибирская область,Сибирский,"ГКУ Новосибирской области «Центр по обеспечению мероприятий в области ГО, ЧС и ПБ Новосибирской области»",gku,"630007, г. Новосибирск, ул. Советская, д. 4а",+7 (383) 231-11-80,gochs@nso.ru,https://gochs.nso.ru,https://gochs.nso.ru/page/6313,"Профильное операционное ГКУ, подведомственное Министерству ЖКХ и энергетики области."
Омская область,Сибирский,Министерство региональной безопасности Омской области,ministry,"644099, г. Омск, ул. Петра Некрасова, д. 3","+7 (3812) 79-07-68, +7 (3812) 79-07-73",post@mrb.omskportal.ru,https://mrb.omskportal.ru,http://www.omskcpp.ru/poleznye-ssylki/organy-ispolnitelnoj-vlasti-omskoj-oblasti,Образовано в 2019 г. преобразованием ГУ региональной безопасности; курирует ГО и ЧС.
Томская область,Сибирский,Департамент защиты населения и территории Томской области,department,"634034, г. Томск, ул. Вершинина, д. 48/1, каб. 205",+7 (3822) 900-580; факс (3822) 55-70-92,koi09@sibmail.com,https://dznto.tomsk.gov.ru,https://checko.ru/company/dznitto-1187031070467,Профильный региональный департамент. Email из агрегаторов (ЕГРЮЛ); ведомственный email на домене @tomsk.gov.ru не подтверждён.
Республика Бурятия,Дальневосточный,Республиканское агентство гражданской обороны и чрезвычайных ситуаций Республики Бурятия,other,"670000, Республика Бурятия, г. Улан-Удэ, ул. Кирова, д. 35",+7 (3012) 21-20-88,emeo3709@gochs.govrb.ru,https://egov-buryatia.ru/gochs/,https://egov-buryatia.ru/gochs/about_authority/general_information/,"Республиканский исполнительный орган (агентство). Подведомственное — ГКУ РБ «Центр по гражданской обороне, защите населения и территорий от ЧС»."
Республика Саха (Якутия),Дальневосточный,Министерство по делам гражданской обороны и обеспечению безопасности жизнедеятельности населения Республики Саха (Якутия),ministry,"677027, Республика Саха (Якутия), г. Якутск, ул. Кирова, д. 18б","+7 (4112) 39-82-60, +7 (4112) 39-82-56",mingoobzhn@sakha.gov.ru,https://mingoobzhn.sakha.gov.ru,https://base.garant.ru/407776566/,В 2023 г. Госкомитет переименован в министерство (Указ Главы РС(Я) № 8 от 02.10.2023). Подведомственное — ГБУ «Служба спасения РС(Я)».
Забайкальский край,Дальневосточный,Министерство лесного хозяйства и пожарной безопасности Забайкальского края,ministry,,,,,https://www.garant.ru/hotlaw/chita/1918814/,"С 22.09.2025 Департамент по ГО и ПБ ликвидирован, полномочия по ГО/ЧС/ПБ переданы новому Министерству лесного хозяйства и ПБ (пост. № 629 от 05.11.2025); контакты пока не подтверждены. Реквизиты предшественника: 672007, г. Чита, ул. Богомягкова, 23; dep@gopb.e-zab.ru; +7 (3022) 35-99-76."
Камчатский край,Дальневосточный,Министерство по чрезвычайным ситуациям Камчатского края,ministry,"683001, Камчатский край, г. Петропавловск-Камчатский, пл. им. В.И. Ленина, д. 1",,minsp@kamgov.ru,https://www.kamgov.ru,https://base.garant.ru/406708157/,"Исполнительный орган края в сферах ГО, защиты от ЧС и ПБ (ранее — Министерство специальных программ). Телефоны не подтверждены офиц. страницей."
Приморский край,Дальневосточный,"Министерство по делам ГО, защиты от ЧС и ликвидации последствий стихийных бедствий Приморского края",ministry,"690091, г. Владивосток, ул. Семеновская, д. 36",+7 (423) 221-01-33,gochspk@primorsky.ru,https://primorsky.ru,https://www.vl.ru/ministerstvo-po-delam-grazhdanskoj-oborony,"Ранее — Департамент гражданской защиты. Подведомственное — ГКУ Приморского края по пожарной безопасности, делам ГО, защите от ЧС (primgochs.ru, +7 (423) 221-01-05, gku@primgochs.ru)."
Хабаровский край,Дальневосточный,Комитет Правительства Хабаровского края по гражданской защите,committee,"680000, г. Хабаровск, ул. Волочаевская, д. 146","+7 (4212) 30-52-65, +7 (4212) 30-65-75",,https://grz.khabkrai.ru,https://base.garant.ru/25578285/,Орган края в сфере ГОЧС и ПБ (Пост. Правительства края № 117-пр от 15.04.2014). Email не подтверждён.
Амурская область,Дальневосточный,Министерство лесного хозяйства и пожарной безопасности Амурской области,ministry,"675000, Амурская обл., г. Благовещенск, ул. Красноармейская, д. 173","+7 (4162) 99-06-45, +7 (4162) 99-06-46",deples28@mail.ru,https://minlhpb.amurobl.ru,https://rosleshoz.gov.ru/departments/dfo/regions/,"Отдельного органа по ГОЧС нет; полномочия ГО реализует это министерство. Подведомственное — ГКУ «Амурский центр ГЗ и ПБ» (ул. Амурская, 160)."
Магаданская область,Дальневосточный,"Департамент по делам ГО, защиты от ЧС и пожарной безопасности Магаданской области",department,"685017, Магаданская обл., г. Магадан, пр-кт Карла Маркса, д. 1",+7 (4132) 62-46-13,,,https://companium.ru/id/1204900002120,"Орган госвласти области (создан 2020 г., ГКУ). Отдельного сайта не выявлено; email не подтверждён."
Сахалинская область,Дальневосточный,"Агентство по делам ГО, защиты от ЧС и пожарной безопасности Сахалинской области",other,"693020, Сахалинская обл., г. Южно-Сахалинск, Коммунистический проспект, д. 39",+7 (4242) 67-10-66; факс +7 (4242) 67-10-76,achs@sakhalin.gov,https://achs.admsakhalin.ru,https://sakhalin-gov.ru/doc/78505,"Орган исполнительной власти области (агентство; Указ Губернатора № 57 от 01.06.2020). Email вероятно ...@sakhalin.gov.ru. Подведомственное — ОКУ «Управление обеспечения мероприятий ГО, ЧС и ПБ»."
Еврейская автономная область,Дальневосточный,Департамент региональной безопасности правительства Еврейской автономной области,department,"679016, ЕАО, г. Биробиджан, пр-кт 60-летия СССР, д. 18","+7 (42622) 2-26-58, +7 (42622) 4-14-83",,https://www.eao.ru,https://companium.ru/id/1107901001801-departament-regionalnoy-bezopasnosti,"Отдельного комитета/министерства по ГОЧС нет. Подведомственное — ОГКУ «Центр ГО ЧС и ПБ» (ул. Волочаевская, 3, (42622) 4-49-78, zentrgo1@rambler.ru). Приёмная — ул. Шолом-Алейхема, 21, каб. 206."
Чукотский автономный округ,Дальневосточный,Департамент гражданской защиты и противопожарной службы Чукотского автономного округа,department,"689000, Чукотский автономный округ, г. Анадырь, ул. Ленина, д. 59",+7 (42722) 2-85-64,info@dgzpps.chukotka-gov.ru,https://chaogov.ru/depzip/,https://chaogov.ru/depzip/,"Центральный исполнительный орган округа по ГО, защите от ЧС и ПБ; координирует Систему-112 и Ситуационный центр Губернатора."
